x-axis,1,2
second,Volt,Volt
-100.000E-03,+103.251E-03,+433.025E-03
-99.900E-03,+624.764E-03,+1.000016E+00
-99.800E-03,+1.148445E+00,+1.500236E+00
-99.700E-03,+1.599639E+00,+1.945210E+00
-99.600E-03,+2.082334E+00,+2.401398E+00
-99.500E-03,+2.482805E+00,+2.811479E+00
-99.400E-03,+2.951052E+00,+3.184218E+00
-99.300E-03,+3.379476E+00,+3.481454E+00
-99.200E-03,+3.960317E+00,+3.755857E+00
-99.100E-03,+4.531172E+00,+3.959972E+00
-99.000E-03,+5.205638E+00,+4.079852E+00
-98.900E-03,+5.871530E+00,+4.187610E+00
-98.800E-03,+6.538992E+00,+4.235569E+00
-98.700E-03,+7.215405E+00,+4.306046E+00
-98.600E-03,+7.760663E+00,+4.360757E+00
-98.500E-03,+8.330795E+00,+4.395022E+00
-98.400E-03,+8.834721E+00,+4.410192E+00
-98.300E-03,+9.357868E+00,+4.422597E+00
-98.200E-03,+9.742227E+00,+4.433496E+00
-98.100E-03,+10.098320E+00,+4.443577E+00
-98.000E-03,+10.537610E+00,+4.455952E+00
-97.900E-03,+11.139463E+00,+4.472126E+00
-97.800E-03,+11.759878E+00,+4.490342E+00
-97.700E-03,+12.288992E+00,+4.506203E+00
-97.600E-03,+12.728314E+00,+4.519457E+00
-97.500E-03,+13.081423E+00,+4.531643E+00
-97.400E-03,+13.415437E+00,+4.536888E+00
-97.300E-03,+13.759878E+00,+4.545525E+00
-97.200E-03,+14.061762E+00,+4.552465E+00
-97.100E-03,+14.439432E+00,+4.557616E+00
-97.000E-03,+14.837704E+00,+4.565091E+00
-96.900E-03,+15.239432E+00,+4.570085E+00
-96.800E-03,+15.623100E+00,+4.575424E+00
-96.700E-03,+16.004570E+00,+4.580795E+00
-96.600E-03,+16.322503E+00,+4.585035E+00
-96.500E-03,+16.581737E+00,+4.585820E+00
-96.400E-03,+16.802528E+00,+4.587798E+00
-96.300E-03,+17.017290E+00,+4.589808E+00
-96.200E-03,+17.206266E+00,+4.592698E+00
-96.100E-03,+17.298351E+00,+4.595650E+00
-96.000E-03,+17.384972E+00,+4.595556E+00
-95.900E-03,+17.476178E+00,+4.595933E+00
-95.800E-03,+17.565028E+00,+4.597158E+00
-95.700E-03,+17.665625E+00,+4.596906E+00
-95.600E-03,+17.698634E+00,+4.596844E+00
-95.500E-03,+17.737202E+00,+4.597440E+00
-95.400E-03,+17.792949E+00,+4.597378E+00
-95.300E-03,+17.842510E+00,+4.598383E+00
-95.200E-03,+17.876963E+00,+4.598383E+00
-95.100E-03,+17.901712E+00,+4.597723E+00
-95.000E-03,+17.937736E+00,+4.598383E+00
-94.900E-03,+17.978502E+00,+4.598383E+00
-94.800E-03,+18.007742E+00,+4.598383E+00
-94.700E-03,+18.022221E+00,+4.598383E+00
-94.600E-03,+18.027089E+00,+4.598383E+00
-94.500E-03,+18.031015E+00,+4.598226E+00
-94.400E-03,+18.031109E+00,+4.598383E+00
-94.300E-03,+18.025958E+00,+4.598383E+00
-94.200E-03,+18.015562E+00,+4.598383E+00
-94.100E-03,+17.994677E+00,+4.597692E+00
-94.000E-03,+17.963018E+00,+4.597597E+00
-93.900E-03,+17.908716E+00,+4.598383E+00
-93.800E-03,+17.779664E+00,+4.596875E+00
-93.700E-03,+17.493232E+00,+4.595367E+00
-93.600E-03,+17.084469E+00,+4.589149E+00
-93.500E-03,+16.673288E+00,+4.586134E+00
-93.400E-03,+16.202591E+00,+4.582522E+00
-93.300E-03,+15.743012E+00,+4.574388E+00
-93.200E-03,+15.248948E+00,+4.569143E+00
-93.100E-03,+14.759218E+00,+4.560757E+00
-93.000E-03,+14.273006E+00,+4.552842E+00
-92.900E-03,+13.763835E+00,+4.542698E+00
-92.800E-03,+13.226272E+00,+4.528942E+00
-92.700E-03,+12.732962E+00,+4.515719E+00
-92.600E-03,+12.229633E+00,+4.501963E+00
-92.500E-03,+11.719142E+00,+4.487673E+00
-92.400E-03,+11.200141E+00,+4.473006E+00
-92.300E-03,+10.647943E+00,+4.457805E+00
-92.200E-03,+10.106862E+00,+4.442070E+00
-92.100E-03,+9.553973E+00,+4.426523E+00
-92.000E-03,+8.980920E+00,+4.413081E+00
-91.900E-03,+8.369017E+00,+4.395430E+00
-91.800E-03,+7.763835E+00,+4.358464E+00
-91.700E-03,+7.137044E+00,+4.294080E+00
-91.600E-03,+6.554193E+00,+4.234626E+00
-91.500E-03,+6.046561E+00,+4.200298E+00
-91.400E-03,+5.482679E+00,+4.129161E+00
-91.300E-03,+4.667227E+00,+3.991975E+00
-91.200E-03,+3.760757E+00,+3.658841E+00
-91.100E-03,+3.030951E+00,+3.249984E+00
-91.000E-03,+2.485788E+00,+2.821529E+00
-90.900E-03,+2.001429E+00,+2.340813E+00
-90.800E-03,+1.528879E+00,+1.881140E+00
-90.700E-03,+1.072848E+00,+1.437830E+00
-90.600E-03,+622.189E-03,+1.008841E+00
-90.500E-03,+166.222E-03,+508.715E-03
-90.400E-03,-256.674E-03,+83.370E-03
-90.300E-03,-359.030E-03,-2.246E-03
-90.200E-03,-391.316E-03,-22.315E-03
-90.100E-03,-488.992E-03,-149.482E-03
-90.000E-03,-875.864E-03,-552.371E-03
-89.900E-03,-1.187641E+00,-633.558E-03
-89.800E-03,-1.431517E+00,-652.403E-03
-89.700E-03,-1.816913E+00,-667.886E-03
-89.600E-03,-2.284595E+00,-683.401E-03
-89.500E-03,-2.721341E+00,-693.860E-03
-89.400E-03,-3.239212E+00,-705.512E-03
-89.300E-03,-3.748226E+00,-712.641E-03
-89.200E-03,-4.356957E+00,-722.880E-03
-89.100E-03,-4.966913E+00,-728.345E-03
-89.000E-03,-5.662139E+00,-733.590E-03
-88.900E-03,-6.293766E+00,-740.625E-03
-88.800E-03,-6.966348E+00,-743.169E-03
-88.700E-03,-7.653848E+00,-749.325E-03
-88.600E-03,-8.217353E+00,-751.617E-03
-88.500E-03,-8.824200E+00,-754.790E-03
-88.400E-03,-9.339463E+00,-757.302E-03
-88.300E-03,-9.842101E+00,-759.312E-03
-88.200E-03,-10.233967E+00,-761.322E-03
-88.100E-03,-10.588898E+00,-762.076E-03
-88.000E-03,-11.034784E+00,-764.212E-03
-87.900E-03,-11.614840E+00,-764.871E-03
-87.800E-03,-12.217353E+00,-766.285E-03
-87.700E-03,-12.763961E+00,-769.331E-03
-87.600E-03,-13.219049E+00,-772.880E-03
-87.500E-03,-13.594928E+00,-773.791E-03
-87.400E-03,-13.912956E+00,-773.916E-03
-87.300E-03,-14.225204E+00,-774.325E-03
-87.200E-03,-14.547629E+00,-776.555E-03
-87.100E-03,-14.930575E+00,-775.927E-03
-87.000E-03,-15.302843E+00,-776.303E-03
-86.900E-03,-15.693829E+00,-776.178E-03
-86.800E-03,-16.080261E+00,-780.763E-03
-86.700E-03,-16.442635E+00,-779.507E-03
-86.600E-03,-16.755701E+00,-780.606E-03
-86.500E-03,-17.005732E+00,-780.857E-03
-86.400E-03,-17.222598E+00,-781.454E-03
-86.300E-03,-17.459909E+00,-781.705E-03
-86.200E-03,-17.652057E+00,-781.705E-03
-86.100E-03,-17.754664E+00,-782.051E-03
-86.000E-03,-17.854507E+00,-781.800E-03
-85.900E-03,-17.910537E+00,-781.894E-03
-85.800E-03,-18.028094E+00,-782.428E-03
-85.700E-03,-18.103942E+00,-783.998E-03
-85.600E-03,-18.157711E+00,-781.674E-03
-85.500E-03,-18.219614E+00,-781.800E-03
-85.400E-03,-18.270745E+00,-782.710E-03
-85.300E-03,-18.292918E+00,-782.773E-03
-85.200E-03,-18.310914E+00,-782.145E-03
-85.100E-03,-18.337265E+00,-781.768E-03
-85.000E-03,-18.390782E+00,-783.998E-03
-84.900E-03,-18.442290E+00,-783.087E-03
-84.800E-03,-18.469897E+00,-783.213E-03
-84.700E-03,-18.481925E+00,-783.998E-03
-84.600E-03,-18.486291E+00,-783.496E-03
-84.500E-03,-18.490971E+00,-783.527E-03
-84.400E-03,-18.491253E+00,-781.705E-03
-84.300E-03,-18.489118E+00,-783.998E-03
-84.200E-03,-18.480167E+00,-784.218E-03
-84.100E-03,-18.467604E+00,-782.867E-03
-84.000E-03,-18.441662E+00,-781.957E-03
-83.900E-03,-18.369174E+00,-782.051E-03
-83.800E-03,-18.268169E+00,-782.491E-03
-83.700E-03,-17.960568E+00,-782.428E-03
-83.600E-03,-17.551617E+00,-781.046E-03
-83.500E-03,-17.140311E+00,-781.643E-03
-83.400E-03,-16.693640E+00,-779.287E-03
-83.300E-03,-16.232239E+00,-778.156E-03
-83.200E-03,-15.739337E+00,-778.502E-03
-83.100E-03,-15.275110E+00,-774.733E-03
-83.000E-03,-14.794205E+00,-775.047E-03
-82.900E-03,-14.277905E+00,-774.136E-03
-82.800E-03,-13.789745E+00,-774.576E-03
-82.700E-03,-13.294111E+00,-771.718E-03
-82.600E-03,-12.792258E+00,-765.531E-03
-82.500E-03,-12.277402E+00,-767.509E-03
-82.400E-03,-11.786039E+00,-766.190E-03
-82.300E-03,-11.240531E+00,-765.405E-03
-82.200E-03,-10.692258E+00,-762.359E-03
-82.100E-03,-10.151617E+00,-760.223E-03
-82.000E-03,-9.604507E+00,-757.145E-03
-81.900E-03,-9.016441E+00,-751.775E-03
-81.800E-03,-8.406297E+00,-751.115E-03
-81.700E-03,-7.801115E+00,-749.231E-03
-81.600E-03,-7.242038E+00,-744.645E-03
-81.500E-03,-6.732490E+00,-740.813E-03
-81.400E-03,-6.179569E+00,-733.119E-03
-81.300E-03,-5.387421E+00,-728.785E-03
-81.200E-03,-4.485474E+00,-722.158E-03
-81.100E-03,-3.742792E+00,-711.165E-03
-81.000E-03,-3.115499E+00,-698.885E-03
-80.900E-03,-2.569896E+00,-688.646E-03
-80.800E-03,-2.047691E+00,-672.409E-03
-80.700E-03,-1.599293E+00,-656.046E-03
-80.600E-03,-1.241002E+00,-634.344E-03
-80.500E-03,-980.135E-03,-604.507E-03
-80.400E-03,-555.512E-03,-230.574E-03
-80.300E-03,-384.155E-03,-20.933E-03
-80.200E-03,-349.702E-03,-2.277E-03
-80.100E-03,-266.536E-03,+56.329E-03
-80.000E-03,+96.970E-03,+428.314E-03
-79.900E-03,+623.854E-03,+995.808E-03
-79.800E-03,+1.142164E+00,+1.495211E+00
-79.700E-03,+1.594865E+00,+1.935349E+00
-79.600E-03,+2.073760E+00,+2.394928E+00
-79.500E-03,+2.477623E+00,+2.805041E+00
-79.400E-03,+2.946310E+00,+3.183182E+00
-79.300E-03,+3.370525E+00,+3.475644E+00
-79.200E-03,+3.949200E+00,+3.749576E+00
-79.100E-03,+4.520588E+00,+3.956674E+00
-79.000E-03,+5.192290E+00,+4.077811E+00
-78.900E-03,+5.859124E+00,+4.184061E+00
-78.800E-03,+6.534281E+00,+4.234721E+00
-78.700E-03,+7.210098E+00,+4.304538E+00
-78.600E-03,+7.757334E+00,+4.359406E+00
-78.500E-03,+8.324828E+00,+4.394237E+00
-78.400E-03,+8.827654E+00,+4.409501E+00
-78.300E-03,+9.350990E+00,+4.422503E+00
-78.200E-03,+9.739369E+00,+4.433590E+00
-78.100E-03,+10.096813E+00,+4.442038E+00
-78.000E-03,+10.532742E+00,+4.456266E+00
-77.900E-03,+11.133528E+00,+4.470619E+00
-77.800E-03,+11.754350E+00,+4.488018E+00
-77.700E-03,+12.283339E+00,+4.503847E+00
-77.600E-03,+12.715720E+00,+4.518138E+00
-77.500E-03,+13.073571E+00,+4.530857E+00
-77.400E-03,+13.410066E+00,+4.534532E+00
-77.300E-03,+13.756737E+00,+4.542415E+00
-77.200E-03,+14.060192E+00,+4.547754E+00
-77.100E-03,+14.437862E+00,+4.557836E+00
-77.000E-03,+14.837547E+00,+4.562107E+00
-76.900E-03,+15.237830E+00,+4.570179E+00
-76.800E-03,+15.620619E+00,+4.572472E+00
-76.700E-03,+16.001430E+00,+4.578659E+00
-76.600E-03,+16.320054E+00,+4.584155E+00
-76.500E-03,+16.579225E+00,+4.585820E+00
-76.400E-03,+16.803879E+00,+4.585820E+00
-76.300E-03,+17.020964E+00,+4.586731E+00
-76.200E-03,+17.211762E+00,+4.593797E+00
-76.100E-03,+17.300895E+00,+4.595430E+00
-76.000E-03,+17.385129E+00,+4.595399E+00
-75.900E-03,+17.474953E+00,+4.596467E+00
-75.800E-03,+17.562893E+00,+4.596467E+00
-75.700E-03,+17.665625E+00,+4.596812E+00
-75.600E-03,+17.696467E+00,+4.597597E+00
-75.500E-03,+17.735003E+00,+4.598383E+00
-75.400E-03,+17.793169E+00,+4.598100E+00
-75.300E-03,+17.842101E+00,+4.597974E+00
-75.200E-03,+17.875644E+00,+4.598383E+00
-75.100E-03,+17.900110E+00,+4.598257E+00
-75.000E-03,+17.936951E+00,+4.598383E+00
-74.900E-03,+17.974294E+00,+4.598383E+00
-74.800E-03,+18.006391E+00,+4.598383E+00
-74.700E-03,+18.019802E+00,+4.598383E+00
-74.600E-03,+18.027528E+00,+4.598383E+00
-74.500E-03,+18.030858E+00,+4.598383E+00
-74.400E-03,+18.029538E+00,+4.598414E+00
-74.300E-03,+18.024293E+00,+4.598383E+00
-74.200E-03,+18.013866E+00,+4.598383E+00
-74.100E-03,+17.993358E+00,+4.598383E+00
-74.000E-03,+17.963961E+00,+4.598383E+00
-73.900E-03,+17.908119E+00,+4.598383E+00
-73.800E-03,+17.777434E+00,+4.597660E+00
-73.700E-03,+17.494488E+00,+4.596875E+00
-73.600E-03,+17.082710E+00,+4.589903E+00
-73.500E-03,+16.676900E+00,+4.586448E+00
-73.400E-03,+16.211322E+00,+4.583213E+00
-73.300E-03,+15.750643E+00,+4.573257E+00
-73.200E-03,+15.249418E+00,+4.569457E+00
-73.100E-03,+14.760788E+00,+4.561574E+00
-73.000E-03,+14.273319E+00,+4.552842E+00
-72.900E-03,+13.767760E+00,+4.544048E+00
-72.800E-03,+13.231799E+00,+4.531674E+00
-72.700E-03,+12.741033E+00,+4.517070E+00
-72.600E-03,+12.238897E+00,+4.501303E+00
-72.500E-03,+11.726209E+00,+4.486888E+00
-72.400E-03,+11.204852E+00,+4.472880E+00
-72.300E-03,+10.651554E+00,+4.456454E+00
-72.200E-03,+10.112766E+00,+4.439683E+00
-72.100E-03,+9.556548E+00,+4.424513E+00
-72.000E-03,+8.980606E+00,+4.412453E+00
-71.900E-03,+8.373005E+00,+4.396215E+00
-71.800E-03,+7.767854E+00,+4.356077E+00
-71.700E-03,+7.143985E+00,+4.293860E+00
-71.600E-03,+6.557584E+00,+4.234972E+00
-71.500E-03,+6.046089E+00,+4.200926E+00
-71.400E-03,+5.484060E+00,+4.130135E+00
-71.300E-03,+4.668545E+00,+3.992227E+00
-71.200E-03,+3.762264E+00,+3.658118E+00
-71.100E-03,+3.031925E+00,+3.251114E+00
-71.000E-03,+2.486730E+00,+2.822628E+00
-70.900E-03,+2.002559E+00,+2.341598E+00
-70.800E-03,+1.532584E+00,+1.883621E+00
-70.700E-03,+1.075109E+00,+1.440782E+00
-70.600E-03,+624.544E-03,+1.011290E+00
-70.500E-03,+165.122E-03,+508.244E-03
-70.400E-03,-254.036E-03,+83.087E-03
-70.300E-03,-359.438E-03,-4.161E-03
-70.200E-03,-391.567E-03,-20.713E-03
-70.100E-03,-490.437E-03,-150.550E-03
-70.000E-03,-874.294E-03,-552.371E-03
-69.900E-03,-1.186228E+00,-632.114E-03
-69.800E-03,-1.429664E+00,-651.335E-03
-69.700E-03,-1.812548E+00,-666.253E-03
-69.600E-03,-2.282962E+00,-682.208E-03
-69.500E-03,-2.720871E+00,-694.645E-03
-69.400E-03,-3.245400E+00,-705.512E-03
-69.300E-03,-3.750770E+00,-713.238E-03
-69.200E-03,-4.356612E+00,-722.880E-03
-69.100E-03,-4.965060E+00,-728.251E-03
-69.000E-03,-5.653189E+00,-735.474E-03
-68.900E-03,-6.287674E+00,-741.599E-03
-68.800E-03,-6.958434E+00,-745.399E-03
-68.700E-03,-7.645934E+00,-751.492E-03
-68.600E-03,-8.212642E+00,-752.591E-03
-68.500E-03,-8.816034E+00,-754.318E-03
-68.400E-03,-9.332334E+00,-756.517E-03
-68.300E-03,-9.836072E+00,-761.668E-03
-68.200E-03,-10.230041E+00,-764.274E-03
-68.100E-03,-10.584344E+00,-764.369E-03
-68.000E-03,-11.032742E+00,-764.369E-03
-67.900E-03,-11.613773E+00,-765.939E-03
-67.800E-03,-12.212265E+00,-766.724E-03
-67.700E-03,-12.754508E+00,-768.012E-03
-67.600E-03,-13.213301E+00,-769.739E-03
-67.500E-03,-13.587077E+00,-772.220E-03
-67.400E-03,-13.905230E+00,-774.450E-03
-67.300E-03,-14.218201E+00,-775.644E-03
-67.200E-03,-14.542133E+00,-776.178E-03
-67.100E-03,-14.924514E+00,-777.937E-03
-67.000E-03,-15.297504E+00,-778.502E-03
-66.900E-03,-15.688144E+00,-778.502E-03
-66.800E-03,-16.076932E+00,-779.884E-03
-66.700E-03,-16.440500E+00,-780.072E-03
-66.600E-03,-16.753942E+00,-779.287E-03
-66.500E-03,-17.008559E+00,-779.758E-03
-66.400E-03,-17.222378E+00,-779.476E-03
-66.300E-03,-17.459846E+00,-780.732E-03
-66.200E-03,-17.650958E+00,-781.580E-03
-66.100E-03,-17.750299E+00,-782.428E-03
-66.000E-03,-17.857020E+00,-781.014E-03
-65.900E-03,-17.912893E+00,-781.109E-03
-65.800E-03,-18.029664E+00,-783.087E-03
-65.700E-03,-18.103345E+00,-781.046E-03
-65.600E-03,-18.154664E+00,-783.119E-03
-65.500E-03,-18.220085E+00,-781.329E-03
-65.400E-03,-18.269614E+00,-781.140E-03
-65.300E-03,-18.292949E+00,-782.019E-03
-65.200E-03,-18.310631E+00,-782.616E-03
-65.100E-03,-18.339652E+00,-785.568E-03
-65.000E-03,-18.393138E+00,-782.428E-03
-64.900E-03,-18.442541E+00,-784.532E-03
-64.800E-03,-18.470964E+00,-781.894E-03
-64.700E-03,-18.481863E+00,-783.715E-03
-64.600E-03,-18.487579E+00,-785.286E-03
-64.500E-03,-18.489557E+00,-782.742E-03
-64.400E-03,-18.491285E+00,-783.244E-03
-64.300E-03,-18.487830E+00,-782.616E-03
-64.200E-03,-18.481297E+00,-783.872E-03
-64.100E-03,-18.467352E+00,-784.344E-03
-64.000E-03,-18.441976E+00,-784.626E-03
-63.900E-03,-18.370713E+00,-784.815E-03
-63.800E-03,-18.271561E+00,-782.428E-03
-63.700E-03,-17.962076E+00,-781.831E-03
-63.600E-03,-17.552402E+00,-782.836E-03
-63.500E-03,-17.139839E+00,-780.386E-03
-63.400E-03,-16.693105E+00,-779.727E-03
-63.300E-03,-16.235160E+00,-779.852E-03
-63.200E-03,-15.741786E+00,-778.408E-03
-63.100E-03,-15.281234E+00,-778.502E-03
-63.000E-03,-14.796717E+00,-776.303E-03
-62.900E-03,-14.275549E+00,-775.079E-03
-62.800E-03,-13.786981E+00,-775.393E-03
-62.700E-03,-13.293074E+00,-770.901E-03
-62.600E-03,-12.787798E+00,-768.169E-03
-62.500E-03,-12.276617E+00,-768.295E-03
-62.400E-03,-11.790876E+00,-766.065E-03
-62.300E-03,-11.251240E+00,-765.405E-03
-62.200E-03,-10.699198E+00,-762.013E-03
-62.100E-03,-10.157113E+00,-759.375E-03
-62.000E-03,-9.609531E+00,-754.947E-03
-61.900E-03,-9.019110E+00,-754.161E-03
-61.800E-03,-8.416127E+00,-754.067E-03
-61.700E-03,-7.808306E+00,-751.021E-03
-61.600E-03,-7.245178E+00,-742.635E-03
-61.500E-03,-6.734217E+00,-742.384E-03
-61.400E-03,-6.181328E+00,-739.840E-03
-61.300E-03,-5.393168E+00,-731.266E-03
-61.200E-03,-4.488865E+00,-722.817E-03
-61.100E-03,-3.748476E+00,-713.112E-03
-61.000E-03,-3.121623E+00,-701.241E-03
-60.900E-03,-2.575486E+00,-691.536E-03
-60.800E-03,-2.052057E+00,-676.115E-03
-60.700E-03,-1.604412E+00,-655.826E-03
-60.600E-03,-1.239494E+00,-638.898E-03
-60.500E-03,-983.432E-03,-605.449E-03
-60.400E-03,-554.443E-03,-235.348E-03
-60.300E-03,-384.469E-03,-21.372E-03
-60.200E-03,-349.733E-03,-2.277E-03
-60.100E-03,-269.551E-03,+52.811E-03
-60.000E-03,+96.970E-03,+425.959E-03
-59.900E-03,+622.693E-03,+994.112E-03
-59.800E-03,+1.142227E+00,+1.494960E+00
-59.700E-03,+1.593296E+00,+1.936983E+00
-59.600E-03,+2.071405E+00,+2.391411E+00
-59.500E-03,+2.476210E+00,+2.803471E+00
-59.400E-03,+2.946373E+00,+3.184564E+00
-59.300E-03,+3.372001E+00,+3.474765E+00
-59.200E-03,+3.946405E+00,+3.751618E+00
-59.100E-03,+4.522536E+00,+3.956486E+00
-59.000E-03,+5.197787E+00,+4.081266E+00
-58.900E-03,+5.863867E+00,+4.186417E+00
-58.800E-03,+6.533685E+00,+4.234124E+00
-58.700E-03,+7.211669E+00,+4.304350E+00
-58.600E-03,+7.756361E+00,+4.358621E+00
-58.500E-03,+8.326242E+00,+4.394708E+00
-58.400E-03,+8.830010E+00,+4.410286E+00
-58.300E-03,+9.350990E+00,+4.422943E+00
-58.200E-03,+9.738773E+00,+4.433778E+00
-58.100E-03,+10.096059E+00,+4.441976E+00
-58.000E-03,+10.531015E+00,+4.454381E+00
-57.900E-03,+11.133308E+00,+4.472566E+00
-57.800E-03,+11.755544E+00,+4.490751E+00
-57.700E-03,+12.287234E+00,+4.506234E+00
-57.600E-03,+12.722410E+00,+4.517761E+00
-57.500E-03,+13.076712E+00,+4.530857E+00
-57.400E-03,+13.410067E+00,+4.535443E+00
-57.300E-03,+13.755450E+00,+4.540782E+00
-57.200E-03,+14.056612E+00,+4.548916E+00
-57.100E-03,+14.435443E+00,+4.556046E+00
-57.000E-03,+14.828597E+00,+4.561636E+00
-56.900E-03,+15.235381E+00,+4.568609E+00
-56.800E-03,+15.617385E+00,+4.572660E+00
-56.700E-03,+16.000048E+00,+4.579444E+00
-56.600E-03,+16.320054E+00,+4.583558E+00
-56.500E-03,+16.577654E+00,+4.586291E+00
-56.400E-03,+16.796593E+00,+4.586197E+00
-56.300E-03,+17.013490E+00,+4.588238E+00
-56.200E-03,+17.201744E+00,+4.592886E+00
-56.100E-03,+17.294959E+00,+4.592290E+00
-56.000E-03,+17.380732E+00,+4.594300E+00
-55.900E-03,+17.474513E+00,+4.595242E+00
-55.800E-03,+17.559093E+00,+4.596027E+00
-55.700E-03,+17.663552E+00,+4.597032E+00
-55.600E-03,+17.695650E+00,+4.595242E+00
-55.500E-03,+17.735317E+00,+4.597126E+00
-55.400E-03,+17.791599E+00,+4.598100E+00
-55.300E-03,+17.842007E+00,+4.596812E+00
-55.200E-03,+17.874576E+00,+4.598131E+00
-55.100E-03,+17.898948E+00,+4.598257E+00
-55.000E-03,+17.933025E+00,+4.598383E+00
-54.900E-03,+17.974576E+00,+4.598383E+00
-54.800E-03,+18.003533E+00,+4.598383E+00
-54.700E-03,+18.020996E+00,+4.596812E+00
-54.600E-03,+18.024953E+00,+4.598383E+00
-54.500E-03,+18.029287E+00,+4.598383E+00
-54.400E-03,+18.028094E+00,+4.598383E+00
-54.300E-03,+18.021341E+00,+4.597692E+00
-54.200E-03,+18.010631E+00,+4.598163E+00
-54.100E-03,+17.992824E+00,+4.597503E+00
-54.000E-03,+17.961448E+00,+4.598383E+00
-53.900E-03,+17.908307E+00,+4.598194E+00
-53.800E-03,+17.781234E+00,+4.596687E+00
-53.700E-03,+17.496843E+00,+4.593075E+00
-53.600E-03,+17.087044E+00,+4.588741E+00
-53.500E-03,+16.677057E+00,+4.586134E+00
-53.400E-03,+16.207741E+00,+4.582334E+00
-53.300E-03,+15.749544E+00,+4.572472E+00
-53.200E-03,+15.253250E+00,+4.568263E+00
-53.100E-03,+14.763897E+00,+4.560663E+00
-53.000E-03,+14.277873E+00,+4.553156E+00
-52.900E-03,+13.769613E+00,+4.542195E+00
-52.800E-03,+13.230605E+00,+4.530543E+00
-52.700E-03,+12.736855E+00,+4.516787E+00
-52.600E-03,+12.238771E+00,+4.503156E+00
-52.500E-03,+11.723852E+00,+4.488458E+00
-52.400E-03,+11.207364E+00,+4.470776E+00
-52.300E-03,+10.650769E+00,+4.456454E+00
-52.200E-03,+10.110002E+00,+4.440028E+00
-52.100E-03,+9.556328E+00,+4.424513E+00
-52.000E-03,+8.983746E+00,+4.410568E+00
-51.900E-03,+8.371497E+00,+4.396153E+00
-51.800E-03,+7.769519E+00,+4.356391E+00
-51.700E-03,+7.147471E+00,+4.291379E+00
-51.600E-03,+6.562044E+00,+4.235506E+00
-51.500E-03,+6.049387E+00,+4.199042E+00
-51.400E-03,+5.486195E+00,+4.129946E+00
-51.300E-03,+4.674103E+00,+3.992226E+00
-51.200E-03,+3.770052E+00,+3.659092E+00
-51.100E-03,+3.038582E+00,+3.254443E+00
-51.000E-03,+2.488928E+00,+2.823884E+00
-50.900E-03,+2.007019E+00,+2.345429E+00
-50.800E-03,+1.532207E+00,+1.885097E+00
-50.700E-03,+1.082490E+00,+1.445021E+00
-50.600E-03,+629.223E-03,+1.013708E+00
-50.500E-03,+169.833E-03,+509.500E-03
-50.400E-03,-253.188E-03,+85.159E-03
-50.300E-03,-359.438E-03,-2.623E-03
-50.200E-03,-390.499E-03,-20.996E-03
-50.100E-03,-482.586E-03,-146.499E-03
-50.000E-03,-869.583E-03,-549.231E-03
-49.900E-03,-1.186229E+00,-631.454E-03
-49.800E-03,-1.427591E+00,-652.120E-03
-49.700E-03,-1.805544E+00,-667.478E-03
-49.600E-03,-2.271970E+00,-683.841E-03
-49.500E-03,-2.711135E+00,-694.331E-03
-49.400E-03,-3.230639E+00,-704.884E-03
-49.300E-03,-3.736637E+00,-717.478E-03
-49.200E-03,-4.345400E+00,-722.440E-03
-49.100E-03,-4.957398E+00,-729.476E-03
-49.000E-03,-5.651148E+00,-735.160E-03
-48.900E-03,-6.282932E+00,-740.625E-03
-48.800E-03,-6.950708E+00,-744.080E-03
-48.700E-03,-7.637078E+00,-748.665E-03
-48.600E-03,-8.201682E+00,-752.403E-03
-48.500E-03,-8.808026E+00,-752.591E-03
-48.400E-03,-9.326116E+00,-755.198E-03
-48.300E-03,-9.831361E+00,-759.092E-03
-48.200E-03,-10.229570E+00,-761.322E-03
-48.100E-03,-10.583340E+00,-764.369E-03
-48.000E-03,-11.031015E+00,-766.253E-03
-47.900E-03,-11.608277E+00,-766.222E-03
-47.800E-03,-12.206361E+00,-768.263E-03
-47.700E-03,-12.753974E+00,-770.085E-03
-47.600E-03,-13.210538E+00,-775.361E-03
-47.500E-03,-13.580795E+00,-776.932E-03
-47.400E-03,-13.903377E+00,-776.806E-03
-47.300E-03,-14.215594E+00,-776.932E-03
-47.200E-03,-14.541725E+00,-777.717E-03
-47.100E-03,-14.924577E+00,-777.717E-03
-47.000E-03,-15.298760E+00,-778.345E-03
-46.900E-03,-15.688113E+00,-778.502E-03
-46.800E-03,-16.075645E+00,-779.193E-03
-46.700E-03,-16.439401E+00,-779.287E-03
-46.600E-03,-16.750173E+00,-779.287E-03
-46.500E-03,-17.003377E+00,-781.014E-03
-46.400E-03,-17.217824E+00,-781.454E-03
-46.300E-03,-17.457617E+00,-780.920E-03
-46.200E-03,-17.646499E+00,-780.983E-03
-46.100E-03,-17.749922E+00,-781.831E-03
-46.000E-03,-17.852780E+00,-782.428E-03
-45.900E-03,-17.909407E+00,-782.962E-03
-45.800E-03,-18.024262E+00,-783.778E-03
-45.700E-03,-18.105135E+00,-783.810E-03
-45.600E-03,-18.154507E+00,-782.522E-03
-45.500E-03,-18.216316E+00,-783.213E-03
-45.400E-03,-18.267824E+00,-784.940E-03
-45.300E-03,-18.292981E+00,-782.805E-03
-45.200E-03,-18.309061E+00,-783.464E-03
-45.100E-03,-18.337704E+00,-784.783E-03
-45.000E-03,-18.386856E+00,-784.783E-03
-44.900E-03,-18.437422E+00,-782.836E-03
-44.800E-03,-18.465971E+00,-784.532E-03
-44.700E-03,-18.481454E+00,-783.590E-03
-44.600E-03,-18.486071E+00,-785.506E-03
-44.500E-03,-18.488929E+00,-784.626E-03
-44.400E-03,-18.488961E+00,-783.182E-03
-44.300E-03,-18.485788E+00,-783.213E-03
-44.200E-03,-18.481643E+00,-784.783E-03
-44.100E-03,-18.465782E+00,-783.307E-03
-44.000E-03,-18.442604E+00,-784.783E-03
-43.900E-03,-18.366598E+00,-783.433E-03
-43.800E-03,-18.270650E+00,-784.783E-03
-43.700E-03,-17.962075E+00,-783.998E-03
-43.600E-03,-17.553783E+00,-781.643E-03
-43.500E-03,-17.146592E+00,-780.229E-03
-43.400E-03,-16.698947E+00,-779.633E-03
-43.300E-03,-16.238740E+00,-779.067E-03
-43.200E-03,-15.745492E+00,-778.408E-03
-43.100E-03,-15.285316E+00,-778.502E-03
-43.000E-03,-14.802527E+00,-776.932E-03
-42.900E-03,-14.284311E+00,-774.576E-03
-42.800E-03,-13.794456E+00,-772.566E-03
-42.700E-03,-13.300423E+00,-772.252E-03
-42.600E-03,-12.798413E+00,-769.739E-03
-42.500E-03,-12.285253E+00,-766.724E-03
-42.400E-03,-11.793608E+00,-766.065E-03
-42.300E-03,-11.253312E+00,-763.552E-03
-42.200E-03,-10.705479E+00,-761.982E-03
-42.100E-03,-10.156893E+00,-760.380E-03
-42.000E-03,-9.608903E+00,-756.360E-03
-41.900E-03,-9.024449E+00,-754.130E-03
-41.800E-03,-8.419361E+00,-749.545E-03
-41.700E-03,-7.811541E+00,-746.749E-03
-41.600E-03,-7.251114E+00,-745.085E-03
-41.500E-03,-6.739242E+00,-741.913E-03
-41.400E-03,-6.185850E+00,-735.097E-03
-41.300E-03,-5.397564E+00,-728.062E-03
-41.200E-03,-4.494957E+00,-719.991E-03
-41.100E-03,-3.749857E+00,-711.731E-03
-41.000E-03,-3.119581E+00,-699.356E-03
-40.900E-03,-2.575831E+00,-688.301E-03
-40.800E-03,-2.051805E+00,-672.629E-03
-40.700E-03,-1.599292E+00,-658.401E-03
-40.600E-03,-1.237169E+00,-636.636E-03
-40.500E-03,-982.961E-03,-606.705E-03
-40.400E-03,-553.720E-03,-233.212E-03
-40.300E-03,-385.254E-03,-22.095E-03
-40.200E-03,-349.764E-03,-2.277E-03
-40.100E-03,-269.142E-03,+51.492E-03
-40.000E-03,+98.541E-03,+429.100E-03
-39.900E-03,+620.306E-03,+991.632E-03
-39.800E-03,+1.141160E+00,+1.493390E+00
-39.700E-03,+1.590909E+00,+1.932618E+00
-39.600E-03,+2.074106E+00,+2.393201E+00
-39.500E-03,+2.480607E+00,+2.806141E+00
-39.400E-03,+2.947724E+00,+3.180795E+00
-39.300E-03,+3.368861E+00,+3.473383E+00
-39.200E-03,+3.944835E+00,+3.745651E+00
-39.100E-03,+4.518422E+00,+3.952058E+00
-39.000E-03,+5.189622E+00,+4.076712E+00
-38.900E-03,+5.858937E+00,+4.184846E+00
-38.800E-03,+6.528253E+00,+4.233936E+00
-38.700E-03,+7.206173E+00,+4.303691E+00
-38.600E-03,+7.753189E+00,+4.358213E+00
-38.500E-03,+8.324829E+00,+4.394237E+00
-38.400E-03,+8.828440E+00,+4.409940E+00
-38.300E-03,+9.349891E+00,+4.422503E+00
-38.200E-03,+9.737203E+00,+4.434375E+00
-38.100E-03,+10.089935E+00,+4.440468E+00
-38.000E-03,+10.520651E+00,+4.454695E+00
-37.900E-03,+11.123887E+00,+4.469771E+00
-37.800E-03,+11.749577E+00,+4.490311E+00
-37.700E-03,+12.283308E+00,+4.504633E+00
-37.600E-03,+12.719521E+00,+4.518672E+00
-37.500E-03,+13.079068E+00,+4.527717E+00
-37.400E-03,+13.412548E+00,+4.534532E+00
-37.300E-03,+13.754916E+00,+4.542133E+00
-37.200E-03,+14.051618E+00,+4.548916E+00
-37.100E-03,+14.430230E+00,+4.555826E+00
-37.000E-03,+14.827184E+00,+4.559752E+00
-36.900E-03,+15.231361E+00,+4.567886E+00
-36.800E-03,+15.613491E+00,+4.573163E+00
-36.700E-03,+15.997630E+00,+4.576398E+00
-36.600E-03,+16.320148E+00,+4.582334E+00
-36.500E-03,+16.577027E+00,+4.583307E+00
-36.400E-03,+16.799357E+00,+4.585631E+00
-36.300E-03,+17.015783E+00,+4.587516E+00
-36.200E-03,+17.205418E+00,+4.591976E+00
-36.100E-03,+17.297943E+00,+4.593483E+00
-36.000E-03,+17.384972E+00,+4.593043E+00
-35.900E-03,+17.475738E+00,+4.594017E+00
-35.800E-03,+17.562359E+00,+4.594237E+00
-35.700E-03,+17.667290E+00,+4.595242E+00
-35.600E-03,+17.696436E+00,+4.596027E+00
-35.500E-03,+17.734375E+00,+4.596027E+00
-35.400E-03,+17.795022E+00,+4.595964E+00
-35.300E-03,+17.841693E+00,+4.597221E+00
-35.200E-03,+17.875361E+00,+4.597597E+00
-35.100E-03,+17.899733E+00,+4.597723E+00
-35.000E-03,+17.936165E+00,+4.596812E+00
-34.900E-03,+17.977466E+00,+4.598383E+00
-34.800E-03,+18.005889E+00,+4.598383E+00
-34.700E-03,+18.022189E+00,+4.597566E+00
-34.600E-03,+18.024670E+00,+4.598383E+00
-34.500E-03,+18.029444E+00,+4.598383E+00
-34.400E-03,+18.030386E+00,+4.597629E+00
-34.300E-03,+18.025770E+00,+4.598383E+00
-34.200E-03,+18.012861E+00,+4.598383E+00
-34.100E-03,+17.992572E+00,+4.598383E+00
-34.000E-03,+17.962547E+00,+4.598383E+00
-33.900E-03,+17.909092E+00,+4.598383E+00
-33.800E-03,+17.782930E+00,+4.596090E+00
-33.700E-03,+17.498131E+00,+4.593672E+00
-33.600E-03,+17.086635E+00,+4.591913E+00
-33.500E-03,+16.677527E+00,+4.585663E+00
-33.400E-03,+16.211823E+00,+4.582428E+00
-33.300E-03,+15.756924E+00,+4.573037E+00
-33.200E-03,+15.260127E+00,+4.569048E+00
-33.100E-03,+14.767100E+00,+4.559187E+00
-33.000E-03,+14.278972E+00,+4.550016E+00
-32.900E-03,+13.771905E+00,+4.541410E+00
-32.800E-03,+13.235630E+00,+4.531674E+00
-32.700E-03,+12.742131E+00,+4.518075E+00
-32.600E-03,+12.237829E+00,+4.502874E+00
-32.500E-03,+11.732489E+00,+4.486888E+00
-32.400E-03,+11.211007E+00,+4.473916E+00
-32.300E-03,+10.656264E+00,+4.457805E+00
-32.200E-03,+10.115561E+00,+4.440845E+00
-32.100E-03,+9.563896E+00,+4.426523E+00
-32.000E-03,+8.993167E+00,+4.412453E+00
-31.900E-03,+8.383243E+00,+4.396215E+00
-31.800E-03,+7.775423E+00,+4.357867E+00
-31.700E-03,+7.149700E+00,+4.296341E+00
-31.600E-03,+6.562577E+00,+4.236636E+00
-31.500E-03,+6.054883E+00,+4.201712E+00
-31.400E-03,+5.491314E+00,+4.131297E+00
-31.300E-03,+4.682488E+00,+3.992477E+00
-31.200E-03,+3.775422E+00,+3.661258E+00
-31.100E-03,+3.042916E+00,+3.256233E+00
-31.000E-03,+2.495680E+00,+2.828752E+00
-30.900E-03,+2.011195E+00,+2.351020E+00
-30.800E-03,+1.536949E+00,+1.888677E+00
-30.700E-03,+1.083369E+00,+1.445995E+00
-30.600E-03,+627.841E-03,+1.015309E+00
-30.500E-03,+174.072E-03,+517.037E-03
-30.400E-03,-253.189E-03,+85.504E-03
-30.300E-03,-360.569E-03,-2.246E-03
-30.200E-03,-390.782E-03,-21.247E-03
-30.100E-03,-481.518E-03,-145.180E-03
-30.000E-03,-866.443E-03,-547.661E-03
-29.900E-03,-1.184690E+00,-630.920E-03
-29.800E-03,-1.426272E+00,-652.120E-03
-29.700E-03,-1.803535E+00,-667.918E-03
-29.600E-03,-2.275677E+00,-684.061E-03
-29.500E-03,-2.713020E+00,-696.530E-03
-29.400E-03,-3.237517E+00,-704.036E-03
-29.300E-03,-3.740658E+00,-711.574E-03
-29.200E-03,-4.348196E+00,-721.749E-03
-29.100E-03,-4.951556E+00,-729.287E-03
-29.000E-03,-5.644710E+00,-734.689E-03
-28.900E-03,-6.280388E+00,-742.572E-03
-28.800E-03,-6.950646E+00,-744.080E-03
-28.700E-03,-7.641475E+00,-748.602E-03
-28.600E-03,-8.207398E+00,-752.214E-03
-28.500E-03,-8.813523E+00,-754.475E-03
-28.400E-03,-9.331613E+00,-757.302E-03
-28.300E-03,-9.838428E+00,-762.013E-03
-28.200E-03,-10.234376E+00,-761.511E-03
-28.100E-03,-10.583465E+00,-764.400E-03
-28.000E-03,-11.029602E+00,-764.840E-03
-27.900E-03,-11.604791E+00,-766.159E-03
-27.800E-03,-12.205545E+00,-768.295E-03
-27.700E-03,-12.751305E+00,-768.012E-03
-27.600E-03,-13.207397E+00,-774.042E-03
-27.500E-03,-13.585507E+00,-775.361E-03
-27.400E-03,-13.909439E+00,-774.702E-03
-27.300E-03,-14.222096E+00,-775.612E-03
-27.200E-03,-14.541380E+00,-776.932E-03
-27.100E-03,-14.924514E+00,-776.429E-03
-27.000E-03,-15.298604E+00,-777.874E-03
-26.900E-03,-15.691286E+00,-779.256E-03
-26.800E-03,-16.078597E+00,-779.193E-03
-26.700E-03,-16.439401E+00,-779.507E-03
-26.600E-03,-16.749043E+00,-779.287E-03
-26.500E-03,-17.002278E+00,-781.014E-03
-26.400E-03,-17.217636E+00,-780.449E-03
-26.300E-03,-17.458339E+00,-780.857E-03
-26.200E-03,-17.648132E+00,-781.705E-03
-26.100E-03,-17.754256E+00,-783.025E-03
-26.000E-03,-17.857334E+00,-781.014E-03
-25.900E-03,-17.912359E+00,-782.239E-03
-25.800E-03,-18.024922E+00,-781.423E-03
-25.700E-03,-18.103753E+00,-782.522E-03
-25.600E-03,-18.152309E+00,-781.674E-03
-25.500E-03,-18.217730E+00,-781.486E-03
-25.400E-03,-18.271907E+00,-783.213E-03
-25.300E-03,-18.291787E+00,-782.428E-03
-25.200E-03,-18.308245E+00,-783.213E-03
-25.100E-03,-18.338081E+00,-782.962E-03
-25.000E-03,-18.392353E+00,-781.643E-03
-24.900E-03,-18.440845E+00,-781.643E-03
-24.800E-03,-18.468609E+00,-782.679E-03
-24.700E-03,-18.480701E+00,-782.805E-03
-24.600E-03,-18.489212E+00,-783.496E-03
-24.500E-03,-18.490028E+00,-782.899E-03
-24.400E-03,-18.491285E+00,-783.182E-03
-24.300E-03,-18.489023E+00,-781.234E-03
-24.200E-03,-18.481957E+00,-781.988E-03
-24.100E-03,-18.467258E+00,-782.334E-03
-24.000E-03,-18.443232E+00,-782.271E-03
-23.900E-03,-18.375267E+00,-782.051E-03
-23.800E-03,-18.274167E+00,-780.920E-03
-23.700E-03,-17.969330E+00,-780.795E-03
-23.600E-03,-17.557678E+00,-780.261E-03
-23.500E-03,-17.148790E+00,-778.973E-03
-23.400E-03,-16.702778E+00,-779.287E-03
-23.300E-03,-16.241880E+00,-778.282E-03
-23.200E-03,-15.749229E+00,-778.313E-03
-23.100E-03,-15.286258E+00,-778.408E-03
-23.000E-03,-14.806924E+00,-776.146E-03
-22.900E-03,-14.288331E+00,-775.141E-03
-22.800E-03,-13.799575E+00,-772.220E-03
-22.700E-03,-13.303815E+00,-770.116E-03
-22.600E-03,-12.794612E+00,-768.169E-03
-22.500E-03,-12.283682E+00,-766.724E-03
-22.400E-03,-11.794141E+00,-764.494E-03
-22.300E-03,-11.253092E+00,-763.332E-03
-22.200E-03,-10.707866E+00,-762.798E-03
-22.100E-03,-10.159059E+00,-761.448E-03
-22.000E-03,-9.610316E+00,-755.732E-03
-21.900E-03,-9.023663E+00,-754.821E-03
-21.800E-03,-8.418073E+00,-751.806E-03
-21.700E-03,-7.812012E+00,-748.226E-03
-21.600E-03,-7.250234E+00,-743.954E-03
-21.500E-03,-6.738299E+00,-741.285E-03
-21.400E-03,-6.185849E+00,-738.866E-03
-21.300E-03,-5.398537E+00,-731.203E-03
-21.200E-03,-4.493638E+00,-721.372E-03
-21.100E-03,-3.751239E+00,-712.359E-03
-21.000E-03,-3.123192E+00,-701.869E-03
-20.900E-03,-2.579223E+00,-688.835E-03
-20.800E-03,-2.056736E+00,-673.759E-03
-20.700E-03,-1.605668E+00,-656.328E-03
-20.600E-03,-1.241220E+00,-635.851E-03
-20.500E-03,-987.201E-03,-606.548E-03
-20.400E-03,-563.362E-03,-240.058E-03
-20.300E-03,-385.694E-03,-22.534E-03
-20.200E-03,-351.837E-03,-1.209E-03
-20.100E-03,-270.964E-03,+51.618E-03
-20.000E-03,+93.830E-03,+425.960E-03
-19.900E-03,+615.596E-03,+989.653E-03
-19.800E-03,+1.136229E+00,+1.484722E+00
-19.700E-03,+1.579917E+00,+1.924829E+00
-19.600E-03,+2.059848E+00,+2.384502E+00
-19.500E-03,+2.468830E+00,+2.797505E+00
-19.400E-03,+2.937643E+00,+3.175959E+00
-19.300E-03,+3.360413E+00,+3.468672E+00
-19.200E-03,+3.936733E+00,+3.744207E+00
-19.100E-03,+4.509440E+00,+3.950393E+00
-19.000E-03,+5.185540E+00,+4.074671E+00
-18.900E-03,+5.852656E+00,+4.183276E+00
-18.800E-03,+6.521721E+00,+4.233810E+00
-18.700E-03,+7.198448E+00,+4.303094E+00
-18.600E-03,+7.744364E+00,+4.357082E+00
-18.500E-03,+8.317606E+00,+4.393609E+00
-18.400E-03,+8.820338E+00,+4.409940E+00
-18.300E-03,+9.346280E+00,+4.422503E+00
-18.200E-03,+9.733465E+00,+4.432302E+00
-18.100E-03,+10.088365E+00,+4.439651E+00
-18.000E-03,+10.522222E+00,+4.453439E+00
-17.900E-03,+11.122599E+00,+4.470556E+00
-17.800E-03,+11.746877E+00,+4.489055E+00
-17.700E-03,+12.284094E+00,+4.504067E+00
-17.600E-03,+12.718328E+00,+4.517761E+00
-17.500E-03,+13.077498E+00,+4.526932E+00
-17.400E-03,+13.414401E+00,+4.534281E+00
-17.300E-03,+13.758340E+00,+4.541881E+00
-17.200E-03,+14.058685E+00,+4.548916E+00
-17.100E-03,+14.435727E+00,+4.557271E+00
-17.000E-03,+14.831738E+00,+4.562579E+00
-16.900E-03,+15.233717E+00,+4.568577E+00
-16.800E-03,+15.620557E+00,+4.571687E+00
-16.700E-03,+15.999640E+00,+4.580920E+00
-16.600E-03,+16.320211E+00,+4.583810E+00
-16.500E-03,+16.575770E+00,+4.585349E+00
-16.400E-03,+16.797221E+00,+4.588175E+00
-16.300E-03,+17.010538E+00,+4.591190E+00
-16.200E-03,+17.201493E+00,+4.590405E+00
-16.100E-03,+17.298728E+00,+4.591504E+00
-16.000E-03,+17.388898E+00,+4.593672E+00
-15.900E-03,+17.476869E+00,+4.595242E+00
-15.800E-03,+17.562673E+00,+4.595462E+00
-15.700E-03,+17.666599E+00,+4.596121E+00
-15.600E-03,+17.695682E+00,+4.595996E+00
-15.500E-03,+17.736103E+00,+4.596969E+00
-15.400E-03,+17.793169E+00,+4.597315E+00
-15.300E-03,+17.842447E+00,+4.596058E+00
-15.200E-03,+17.875079E+00,+4.597849E+00
-15.100E-03,+17.898917E+00,+4.598131E+00
-15.000E-03,+17.935380E+00,+4.598383E+00
-14.900E-03,+17.975361E+00,+4.596812E+00
-14.800E-03,+18.007742E+00,+4.598383E+00
-14.700E-03,+18.021027E+00,+4.598383E+00
-14.600E-03,+18.025958E+00,+4.598383E+00
-14.500E-03,+18.029444E+00,+4.598383E+00
-14.400E-03,+18.029507E+00,+4.598383E+00
-14.300E-03,+18.023885E+00,+4.598383E+00
-14.200E-03,+18.013427E+00,+4.598383E+00
-14.100E-03,+17.992227E+00,+4.598383E+00
-14.000E-03,+17.962704E+00,+4.597911E+00
-13.900E-03,+17.911071E+00,+4.597597E+00
-13.800E-03,+17.790342E+00,+4.596749E+00
-13.700E-03,+17.500674E+00,+4.594519E+00
-13.600E-03,+17.095648E+00,+4.588741E+00
-13.500E-03,+16.686478E+00,+4.586605E+00
-13.400E-03,+16.218921E+00,+4.580857E+00
-13.300E-03,+15.759844E+00,+4.575078E+00
-13.200E-03,+15.260127E+00,+4.569739E+00
-13.100E-03,+14.773947E+00,+4.559187E+00
-13.000E-03,+14.289807E+00,+4.551586E+00
-12.900E-03,+13.777119E+00,+4.541693E+00
-12.800E-03,+13.239179E+00,+4.530889E+00
-12.700E-03,+12.746025E+00,+4.517541E+00
-12.600E-03,+12.244110E+00,+4.503533E+00
-12.500E-03,+11.735629E+00,+4.486888E+00
-12.400E-03,+11.215843E+00,+4.472754E+00
-12.300E-03,+10.659656E+00,+4.454915E+00
-12.200E-03,+10.120209E+00,+4.441190E+00
-12.100E-03,+9.566471E+00,+4.427528E+00
-12.000E-03,+8.996308E+00,+4.413238E+00
-11.900E-03,+8.385567E+00,+4.393954E+00
-11.800E-03,+7.776207E+00,+4.358370E+00
-11.700E-03,+7.150579E+00,+4.294990E+00
-11.600E-03,+6.564147E+00,+4.234972E+00
-11.500E-03,+6.054725E+00,+4.200141E+00
-11.400E-03,+5.494863E+00,+4.133872E+00
-11.300E-03,+4.681106E+00,+3.993388E+00
-11.200E-03,+3.771809E+00,+3.660598E+00
-11.100E-03,+3.038613E+00,+3.255825E+00
-11.000E-03,+2.488299E+00,+2.824041E+00
-10.900E-03,+2.008588E+00,+2.349103E+00
-10.800E-03,+1.533808E+00,+1.886886E+00
-10.700E-03,+1.082960E+00,+1.446277E+00
-10.600E-03,+629.411E-03,+1.016722E+00
-10.500E-03,+175.171E-03,+517.351E-03
-10.400E-03,-249.326E-03,+86.069E-03
-10.300E-03,-359.878E-03,-2.623E-03
-10.200E-03,-391.033E-03,-21.749E-03
-10.100E-03,-480.074E-03,-142.950E-03
-10.000E-03,-868.799E-03,-550.016E-03
-9.900E-03,-1.184785E+00,-631.988E-03
-9.800E-03,-1.428408E+00,-653.690E-03
-9.700E-03,-1.803535E+00,-667.855E-03
-9.600E-03,-2.274609E+00,-684.469E-03
-9.500E-03,-2.709094E+00,-696.687E-03
-9.400E-03,-3.232838E+00,-704.727E-03
-9.300E-03,-3.736136E+00,-713.144E-03
-9.200E-03,-4.349893E+00,-722.315E-03
-9.100E-03,-4.955294E+00,-728.596E-03
-9.000E-03,-5.649422E+00,-733.119E-03
-8.900E-03,-6.282964E+00,-738.646E-03
-8.800E-03,-6.951055E+00,-742.572E-03
-8.700E-03,-7.635917E+00,-747.095E-03
-8.600E-03,-8.202028E+00,-751.649E-03
-8.500E-03,-8.808184E+00,-753.533E-03
-8.400E-03,-9.324986E+00,-756.611E-03
-8.300E-03,-9.829352E+00,-759.312E-03
-8.200E-03,-10.228880E+00,-764.274E-03
-8.100E-03,-10.579540E+00,-764.337E-03
-8.000E-03,-11.026148E+00,-765.939E-03
-7.900E-03,-11.601211E+00,-766.724E-03
-7.800E-03,-12.204823E+00,-766.724E-03
-7.700E-03,-12.749766E+00,-768.232E-03
-7.600E-03,-13.205168E+00,-772.220E-03
-7.500E-03,-13.576085E+00,-773.791E-03
-7.400E-03,-13.903628E+00,-775.361E-03
-7.300E-03,-14.217511E+00,-775.927E-03
-7.200E-03,-14.536983E+00,-778.502E-03
-7.100E-03,-14.919961E+00,-777.434E-03
-7.000E-03,-15.295463E+00,-777.717E-03
-6.900E-03,-15.685601E+00,-778.502E-03
-6.800E-03,-16.071248E+00,-780.166E-03
-6.700E-03,-16.434157E+00,-779.413E-03
-6.600E-03,-16.747818E+00,-779.287E-03
-6.500E-03,-17.007303E+00,-779.758E-03
-6.400E-03,-17.219583E+00,-781.234E-03
-6.300E-03,-17.461354E+00,-780.795E-03
-6.200E-03,-17.649828E+00,-781.580E-03
-6.100E-03,-17.755638E+00,-781.831E-03
-6.000E-03,-17.860004E+00,-781.643E-03
-5.900E-03,-17.913867E+00,-782.867E-03
-5.800E-03,-18.027969E+00,-782.773E-03
-5.700E-03,-18.105135E+00,-782.020E-03
-5.600E-03,-18.154696E+00,-780.104E-03
-5.500E-03,-18.219928E+00,-783.841E-03
-5.400E-03,-18.270682E+00,-784.218E-03
-5.300E-03,-18.293326E+00,-783.213E-03
-5.200E-03,-18.309815E+00,-782.428E-03
-5.100E-03,-18.339526E+00,-781.109E-03
-5.000E-03,-18.392353E+00,-782.428E-03
-4.900E-03,-18.440594E+00,-783.213E-03
-4.800E-03,-18.470179E+00,-782.428E-03
-4.700E-03,-18.482742E+00,-783.967E-03
-4.600E-03,-18.486636E+00,-784.501E-03
-4.500E-03,-18.491756E+00,-781.329E-03
-4.400E-03,-18.491316E+00,-781.643E-03
-4.300E-03,-18.491285E+00,-783.025E-03
-4.200E-03,-18.484092E+00,-782.428E-03
-4.100E-03,-18.470399E+00,-784.532E-03
-4.000E-03,-18.445273E+00,-784.155E-03
-3.900E-03,-18.375643E+00,-783.621E-03
-3.800E-03,-18.275141E+00,-780.261E-03
-3.700E-03,-17.971026E+00,-781.643E-03
-3.600E-03,-17.559844E+00,-781.046E-03
-3.500E-03,-17.149889E+00,-781.014E-03
-3.400E-03,-16.705761E+00,-781.643E-03
-3.300E-03,-16.242414E+00,-779.067E-03
-3.200E-03,-15.752966E+00,-778.502E-03
-3.100E-03,-15.287043E+00,-778.470E-03
-3.000E-03,-14.806295E+00,-776.932E-03
-2.900E-03,-14.287891E+00,-776.712E-03
-2.800E-03,-13.799983E+00,-774.953E-03
-2.700E-03,-13.304819E+00,-772.220E-03
-2.600E-03,-12.806138E+00,-769.205E-03
-2.500E-03,-12.289963E+00,-768.295E-03
-2.400E-03,-11.797407E+00,-766.065E-03
-2.300E-03,-11.255447E+00,-765.405E-03
-2.200E-03,-10.710661E+00,-764.777E-03
-2.100E-03,-10.162608E+00,-761.731E-03
-2.000E-03,-9.616125E+00,-757.616E-03
-1.900E-03,-9.026176E+00,-754.130E-03
-1.800E-03,-8.424448E+00,-752.591E-03
-1.700E-03,-7.818512E+00,-749.231E-03
-1.600E-03,-7.256704E+00,-745.336E-03
-1.500E-03,-6.745523E+00,-741.756E-03
-1.400E-03,-6.198003E+00,-737.076E-03
-1.300E-03,-5.412795E+00,-729.758E-03
-1.200E-03,-4.507707E+00,-721.498E-03
-1.100E-03,-3.760252E+00,-711.322E-03
-1.000E-03,-3.127903E+00,-699.199E-03
-900E-06,-2.583399E+00,-686.731E-03
-800E-06,-2.057081E+00,-674.890E-03
-700E-06,-1.606044E+00,-656.234E-03
-600E-06,-1.241252E+00,-640.437E-03
-500E-06,-989.713E-03,-608.433E-03
-400E-06,-568.575E-03,-244.329E-03
-300E-06,-386.479E-03,-22.849E-03
-200E-06,-349.984E-03,-2.277E-03
-100E-06,-271.623E-03,+49.294E-03
+0.0E+00,+91.475E-03,+420.464E-03
+100E-06,+613.241E-03,+987.581E-03
+200E-06,+1.136764E+00,+1.485287E+00
+300E-06,+1.583121E+00,+1.924861E+00
+400E-06,+2.067763E+00,+2.387988E+00
+500E-06,+2.471971E+00,+2.800960E+00
+600E-06,+2.936104E+00,+3.175990E+00
+700E-06,+3.360728E+00,+3.467102E+00
+800E-06,+3.937299E+00,+3.746123E+00
+900E-06,+4.512832E+00,+3.951273E+00
+1.000E-03,+5.186483E+00,+4.076398E+00
+1.100E-03,+5.855452E+00,+4.184061E+00
+1.200E-03,+6.520402E+00,+4.234595E+00
+1.300E-03,+7.200741E+00,+4.304350E+00
+1.400E-03,+7.747097E+00,+4.357836E+00
+1.500E-03,+8.321532E+00,+4.393295E+00
+1.600E-03,+8.822851E+00,+4.409501E+00
+1.700E-03,+9.346280E+00,+4.422503E+00
+1.800E-03,+9.731990E+00,+4.433590E+00
+1.900E-03,+10.086763E+00,+4.441190E+00
+2.000E-03,+10.517354E+00,+4.454852E+00
+2.100E-03,+11.120527E+00,+4.471341E+00
+2.200E-03,+11.746092E+00,+4.487956E+00
+2.300E-03,+12.283372E+00,+4.505167E+00
+2.400E-03,+12.718579E+00,+4.518672E+00
+2.500E-03,+13.076713E+00,+4.527717E+00
+2.600E-03,+13.407335E+00,+4.535192E+00
+2.700E-03,+13.748604E+00,+4.541599E+00
+2.800E-03,+14.045652E+00,+4.546938E+00
+2.900E-03,+14.427718E+00,+4.555983E+00
+3.000E-03,+14.823415E+00,+4.562107E+00
+3.100E-03,+15.228252E+00,+4.566285E+00
+3.200E-03,+15.610225E+00,+4.572566E+00
+3.300E-03,+15.996154E+00,+4.577968E+00
+3.400E-03,+16.317950E+00,+4.582930E+00
+3.500E-03,+16.572787E+00,+4.585035E+00
+3.600E-03,+16.793830E+00,+4.585223E+00
+3.700E-03,+17.011009E+00,+4.588960E+00
+3.800E-03,+17.201304E+00,+4.592038E+00
+3.900E-03,+17.295588E+00,+4.592101E+00
+4.000E-03,+17.382303E+00,+4.593986E+00
+4.100E-03,+17.472692E+00,+4.593389E+00
+4.200E-03,+17.560789E+00,+4.595022E+00
+4.300E-03,+17.662265E+00,+4.595525E+00
+4.400E-03,+17.696373E+00,+4.596027E+00
+4.500E-03,+17.734847E+00,+4.595399E+00
+4.600E-03,+17.793892E+00,+4.596530E+00
+4.700E-03,+17.841662E+00,+4.597158E+00
+4.800E-03,+17.876429E+00,+4.598131E+00
+4.900E-03,+17.900644E+00,+4.598383E+00
+5.000E-03,+17.933810E+00,+4.598383E+00
+5.100E-03,+17.973885E+00,+4.597597E+00
+5.200E-03,+18.006926E+00,+4.597315E+00
+5.300E-03,+18.021781E+00,+4.598383E+00
+5.400E-03,+18.025456E+00,+4.598383E+00
+5.500E-03,+18.030543E+00,+4.598383E+00
+5.600E-03,+18.031109E+00,+4.598383E+00
+5.700E-03,+18.024482E+00,+4.598288E+00
+5.800E-03,+18.014777E+00,+4.598383E+00
+5.900E-03,+17.994331E+00,+4.598383E+00
+6.000E-03,+17.965060E+00,+4.598383E+00
+6.100E-03,+17.910882E+00,+4.598383E+00
+6.200E-03,+17.789556E+00,+4.597472E+00
+6.300E-03,+17.505259E+00,+4.595179E+00
+6.400E-03,+17.095648E+00,+4.588332E+00
+6.500E-03,+16.686792E+00,+4.585820E+00
+6.600E-03,+16.219957E+00,+4.582962E+00
+6.700E-03,+15.761634E+00,+4.574607E+00
+6.800E-03,+15.264052E+00,+4.568169E+00
+6.900E-03,+14.777024E+00,+4.559940E+00
+7.000E-03,+14.287608E+00,+4.549387E+00
+7.100E-03,+13.777118E+00,+4.542415E+00
+7.200E-03,+13.239964E+00,+4.531360E+00
+7.300E-03,+12.748914E+00,+4.517070E+00
+7.400E-03,+12.243607E+00,+4.502999E+00
+7.500E-03,+11.733273E+00,+4.489243E+00
+7.600E-03,+11.214147E+00,+4.472849E+00
+7.700E-03,+10.662828E+00,+4.457805E+00
+7.800E-03,+10.116282E+00,+4.441661E+00
+7.900E-03,+9.563833E+00,+4.427308E+00
+8.000E-03,+8.993009E+00,+4.413081E+00
+8.100E-03,+8.383211E+00,+4.394708E+00
+8.200E-03,+7.774040E+00,+4.357679E+00
+8.300E-03,+7.152620E+00,+4.292729E+00
+8.400E-03,+6.565183E+00,+4.234815E+00
+8.500E-03,+6.059907E+00,+4.200612E+00
+8.600E-03,+5.500547E+00,+4.135034E+00
+8.700E-03,+4.688894E+00,+3.995618E+00
+8.800E-03,+3.776331E+00,+3.663676E+00
+8.900E-03,+3.045836E+00,+3.261509E+00
+9.000E-03,+2.495051E+00,+2.833462E+00
+9.100E-03,+2.017570E+00,+2.355541E+00
+9.200E-03,+1.541534E+00,+1.893513E+00
+9.300E-03,+1.092319E+00,+1.451679E+00
+9.400E-03,+637.827E-03,+1.022155E+00
+9.500E-03,+181.452E-03,+524.103E-03
+9.600E-03,-249.326E-03,+91.565E-03
+9.700E-03,-359.815E-03,-1.492E-03
+9.800E-03,-390.814E-03,-21.247E-03
+9.900E-03,-478.001E-03,-139.559E-03
+10.000E-03,-866.444E-03,-546.091E-03
+10.100E-03,-1.182712E+00,-629.224E-03
+10.200E-03,-1.422347E+00,-650.832E-03
+10.300E-03,-1.799578E+00,-666.347E-03
+10.400E-03,-2.266255E+00,-682.271E-03
+10.500E-03,-2.706425E+00,-693.546E-03
+10.600E-03,-3.221783E+00,-703.345E-03
+10.700E-03,-3.723573E+00,-712.641E-03
+10.800E-03,-4.334410E+00,-721.749E-03
+10.900E-03,-4.943611E+00,-726.775E-03
+11.000E-03,-5.637331E+00,-732.648E-03
+11.100E-03,-6.273731E+00,-738.866E-03
+11.200E-03,-6.943267E+00,-744.080E-03
+11.300E-03,-7.628066E+00,-747.032E-03
+11.400E-03,-8.195590E+00,-753.188E-03
+11.500E-03,-8.802060E+00,-752.748E-03
+11.600E-03,-9.321595E+00,-754.947E-03
+11.700E-03,-9.827656E+00,-757.648E-03
+11.800E-03,-10.227718E+00,-759.061E-03
+11.900E-03,-10.573322E+00,-763.521E-03
+12.000E-03,-11.025049E+00,-763.427E-03
+12.100E-03,-11.595810E+00,-763.866E-03
+12.200E-03,-12.198888E+00,-765.939E-03
+12.300E-03,-12.745024E+00,-766.976E-03
+12.400E-03,-13.205168E+00,-771.310E-03
+12.500E-03,-13.583937E+00,-773.791E-03
+12.600E-03,-13.906392E+00,-773.257E-03
+12.700E-03,-14.221625E+00,-774.293E-03
+12.800E-03,-14.541004E+00,-776.146E-03
+12.900E-03,-14.922882E+00,-775.864E-03
+13.000E-03,-15.294835E+00,-777.874E-03
+13.100E-03,-15.684063E+00,-777.717E-03
+13.200E-03,-16.072348E+00,-778.502E-03
+13.300E-03,-16.430451E+00,-778.942E-03
+13.400E-03,-16.746688E+00,-779.287E-03
+13.500E-03,-17.007146E+00,-780.543E-03
+13.600E-03,-17.220023E+00,-782.208E-03
+13.700E-03,-17.457680E+00,-781.643E-03
+13.800E-03,-17.647944E+00,-780.198E-03
+13.900E-03,-17.753094E+00,-780.449E-03
+14.000E-03,-17.859061E+00,-782.742E-03
+14.100E-03,-17.911762E+00,-781.988E-03
+14.200E-03,-18.026398E+00,-781.737E-03
+14.300E-03,-18.103848E+00,-782.428E-03
+14.400E-03,-18.154696E+00,-783.119E-03
+14.500E-03,-18.218672E+00,-782.585E-03
+14.600E-03,-18.269111E+00,-782.428E-03
+14.700E-03,-18.292541E+00,-783.213E-03
+14.800E-03,-18.310883E+00,-782.962E-03
+14.900E-03,-18.341630E+00,-782.428E-03
+15.000E-03,-18.393138E+00,-782.428E-03
+15.100E-03,-18.440060E+00,-786.511E-03
+15.200E-03,-18.470462E+00,-784.532E-03
+15.300E-03,-18.482648E+00,-784.375E-03
+15.400E-03,-18.488992E+00,-783.778E-03
+15.500E-03,-18.491913E+00,-784.312E-03
+15.600E-03,-18.492101E+00,-783.935E-03
+15.700E-03,-18.489306E+00,-781.643E-03
+15.800E-03,-18.482177E+00,-782.867E-03
+15.900E-03,-18.471373E+00,-783.653E-03
+16.000E-03,-18.446844E+00,-781.800E-03
+16.100E-03,-18.376052E+00,-783.024E-03
+16.200E-03,-18.271749E+00,-782.491E-03
+16.300E-03,-17.970460E+00,-782.365E-03
+16.400E-03,-17.560032E+00,-780.638E-03
+16.500E-03,-17.153343E+00,-781.171E-03
+16.600E-03,-16.710629E+00,-779.727E-03
+16.700E-03,-16.248349E+00,-779.287E-03
+16.800E-03,-15.758556E+00,-777.434E-03
+16.900E-03,-15.294894E+00,-777.717E-03
+17.000E-03,-14.815089E+00,-778.345E-03
+17.100E-03,-14.299040E+00,-775.424E-03
+17.200E-03,-13.806232E+00,-773.759E-03
+17.300E-03,-13.313205E+00,-770.116E-03
+17.400E-03,-12.806264E+00,-768.169E-03
+17.500E-03,-12.289963E+00,-766.724E-03
+17.600E-03,-11.802118E+00,-766.065E-03
+17.700E-03,-11.263330E+00,-765.154E-03
+17.800E-03,-10.714932E+00,-763.929E-03
+17.900E-03,-10.165466E+00,-758.590E-03
+18.000E-03,-9.620365E+00,-758.244E-03
+18.100E-03,-9.035440E+00,-754.884E-03
+18.200E-03,-8.428091E+00,-751.994E-03
+18.300E-03,-7.821433E+00,-749.450E-03
+18.400E-03,-7.260692E+00,-743.954E-03
+18.500E-03,-6.746150E+00,-743.169E-03
+18.600E-03,-6.197249E+00,-737.296E-03
+18.700E-03,-5.409654E+00,-730.418E-03
+18.800E-03,-4.506859E+00,-721.969E-03
+18.900E-03,-3.760440E+00,-712.736E-03
+19.000E-03,-3.132614E+00,-702.968E-03
+19.100E-03,-2.585660E+00,-689.965E-03
+19.200E-03,-2.060001E+00,-675.424E-03
+19.300E-03,-1.609593E+00,-657.710E-03
+19.400E-03,-1.241377E+00,-638.175E-03
+19.500E-03,-987.986E-03,-607.804E-03
+19.600E-03,-566.439E-03,-241.627E-03
+19.700E-03,-386.071E-03,-22.503E-03
+19.800E-03,-350.235E-03,-1.743E-03
+19.900E-03,-272.659E-03,+49.954E-03
+20.000E-03,+87.550E-03,+419.680E-03
+20.100E-03,+608.781E-03,+984.535E-03
+20.200E-03,+1.132555E+00,+1.483717E+00
+20.300E-03,+1.579886E+00,+1.924014E+00
+20.400E-03,+2.061136E+00,+2.381707E+00
+20.500E-03,+2.468988E+00,+2.798448E+00
+20.600E-03,+2.934660E+00,+3.175300E+00
+20.700E-03,+3.358655E+00,+3.469552E+00
+20.800E-03,+3.930547E+00,+3.743642E+00
+20.900E-03,+4.505232E+00,+3.951964E+00
+21.000E-03,+5.174392E+00,+4.074985E+00
+21.100E-03,+5.840534E+00,+4.184061E+00
+21.200E-03,+6.511766E+00,+4.231706E+00
+21.300E-03,+7.190597E+00,+4.303565E+00
+21.400E-03,+7.740628E+00,+4.357836E+00
+21.500E-03,+8.315408E+00,+4.392981E+00
+21.600E-03,+8.818485E+00,+4.409501E+00
+21.700E-03,+9.340533E+00,+4.422723E+00
+21.800E-03,+9.730231E+00,+4.434375E+00
+21.900E-03,+10.082932E+00,+4.441222E+00
+22.000E-03,+10.509346E+00,+4.452026E+00
+22.100E-03,+11.110540E+00,+4.472064E+00
+22.200E-03,+11.732242E+00,+4.490374E+00
+22.300E-03,+12.271688E+00,+4.507020E+00
+22.400E-03,+12.702499E+00,+4.518923E+00
+22.500E-03,+13.069647E+00,+4.527717E+00
+22.600E-03,+13.401180E+00,+4.537013E+00
+22.700E-03,+13.747034E+00,+4.542667E+00
+22.800E-03,+14.046500E+00,+4.550487E+00
+22.900E-03,+14.427216E+00,+4.555983E+00
+23.000E-03,+14.821060E+00,+4.562579E+00
+23.100E-03,+15.223604E+00,+4.570085E+00
+23.200E-03,+15.608686E+00,+4.573351E+00
+23.300E-03,+15.989340E+00,+4.577748E+00
+23.400E-03,+16.310695E+00,+4.583119E+00
+23.500E-03,+16.571060E+00,+4.586605E+00
+23.600E-03,+16.793076E+00,+4.586228E+00
+23.700E-03,+17.008905E+00,+4.589746E+00
+23.800E-03,+17.197567E+00,+4.591379E+00
+23.900E-03,+17.296561E+00,+4.593860E+00
+24.000E-03,+17.386700E+00,+4.594771E+00
+24.100E-03,+17.473823E+00,+4.595336E+00
+24.200E-03,+17.560538E+00,+4.596938E+00
+24.300E-03,+17.665625E+00,+4.597409E+00
+24.400E-03,+17.694928E+00,+4.595367E+00
+24.500E-03,+17.735789E+00,+4.597283E+00
+24.600E-03,+17.792384E+00,+4.597535E+00
+24.700E-03,+17.840091E+00,+4.596812E+00
+24.800E-03,+17.875110E+00,+4.598383E+00
+24.900E-03,+17.898289E+00,+4.597597E+00
+25.000E-03,+17.933810E+00,+4.597597E+00
+25.100E-03,+17.977466E+00,+4.598131E+00
+25.200E-03,+18.004790E+00,+4.598383E+00
+25.300E-03,+18.019488E+00,+4.598383E+00
+25.400E-03,+18.025675E+00,+4.598383E+00
+25.500E-03,+18.029287E+00,+4.598383E+00
+25.600E-03,+18.029601E+00,+4.598383E+00
+25.700E-03,+18.024388E+00,+4.598383E+00
+25.800E-03,+18.012641E+00,+4.598163E+00
+25.900E-03,+17.992761E+00,+4.598383E+00
+26.000E-03,+17.962233E+00,+4.598383E+00
+26.100E-03,+17.909281E+00,+4.598383E+00
+26.200E-03,+17.790404E+00,+4.597535E+00
+26.300E-03,+17.504285E+00,+4.596027E+00
+26.400E-03,+17.094486E+00,+4.589494E+00
+26.500E-03,+16.684122E+00,+4.585820E+00
+26.600E-03,+16.219077E+00,+4.582522E+00
+26.700E-03,+15.764115E+00,+4.574388E+00
+26.800E-03,+15.263863E+00,+4.566693E+00
+26.900E-03,+14.773946E+00,+4.560757E+00
+27.000E-03,+14.287294E+00,+4.550173E+00
+27.100E-03,+13.779191E+00,+4.542478E+00
+27.200E-03,+13.241565E+00,+4.532899E+00
+27.300E-03,+12.751332E+00,+4.520179E+00
+27.400E-03,+12.245554E+00,+4.503031E+00
+27.500E-03,+11.740339E+00,+4.487673E+00
+27.600E-03,+11.222407E+00,+4.472723E+00
+27.700E-03,+10.671715E+00,+4.455952E+00
+27.800E-03,+10.127306E+00,+4.442415E+00
+27.900E-03,+9.573034E+00,+4.427308E+00
+28.000E-03,+9.004159E+00,+4.413081E+00
+28.100E-03,+8.388675E+00,+4.396247E+00
+28.200E-03,+7.782865E+00,+4.356988E+00
+28.300E-03,+7.163832E+00,+4.295775E+00
+28.400E-03,+6.572092E+00,+4.234877E+00
+28.500E-03,+6.064775E+00,+4.200612E+00
+28.600E-03,+5.505446E+00,+4.135411E+00
+28.700E-03,+4.698378E+00,+3.995932E+00
+28.800E-03,+3.787512E+00,+3.670680E+00
+28.900E-03,+3.049542E+00,+3.267413E+00
+29.000E-03,+2.501489E+00,+2.836603E+00
+29.100E-03,+2.019140E+00,+2.357457E+00
+29.200E-03,+1.542884E+00,+1.896653E+00
+29.300E-03,+1.087891E+00,+1.453155E+00
+29.400E-03,+634.058E-03,+1.023034E+00
+29.500E-03,+179.568E-03,+527.400E-03
+29.600E-03,-248.416E-03,+91.345E-03
+29.700E-03,-360.569E-03,-1.869E-03
+29.800E-03,-390.280E-03,-20.179E-03
+29.900E-03,-476.682E-03,-137.455E-03
+30.000E-03,-866.444E-03,-543.735E-03
+30.100E-03,-1.180734E+00,-630.135E-03
+30.200E-03,-1.423666E+00,-652.120E-03
+30.300E-03,-1.798856E+00,-666.724E-03
+30.400E-03,-2.266256E+00,-684.846E-03
+30.500E-03,-2.705640E+00,-695.116E-03
+30.600E-03,-3.226589E+00,-703.345E-03
+30.700E-03,-3.730043E+00,-714.023E-03
+30.800E-03,-4.339529E+00,-723.100E-03
+30.900E-03,-4.947789E+00,-727.560E-03
+31.000E-03,-5.637646E+00,-735.160E-03
+31.100E-03,-6.274297E+00,-742.415E-03
+31.200E-03,-6.944901E+00,-747.032E-03
+31.300E-03,-7.631081E+00,-747.158E-03
+31.400E-03,-8.196941E+00,-751.021E-03
+31.500E-03,-8.807400E+00,-752.120E-03
+31.600E-03,-9.324736E+00,-754.947E-03
+31.700E-03,-9.826432E+00,-756.391E-03
+31.800E-03,-10.226336E+00,-760.945E-03
+31.900E-03,-10.574201E+00,-760.537E-03
+32.000E-03,-11.025992E+00,-764.369E-03
+32.100E-03,-11.598731E+00,-764.431E-03
+32.200E-03,-12.198888E+00,-766.347E-03
+32.300E-03,-12.745810E+00,-767.761E-03
+32.400E-03,-13.204132E+00,-770.776E-03
+32.500E-03,-13.577656E+00,-773.791E-03
+32.600E-03,-13.903786E+00,-774.450E-03
+32.700E-03,-14.214088E+00,-774.293E-03
+32.800E-03,-14.536167E+00,-775.393E-03
+32.900E-03,-14.916821E+00,-776.649E-03
+33.000E-03,-15.293579E+00,-778.502E-03
+33.100E-03,-15.682493E+00,-777.717E-03
+33.200E-03,-16.070275E+00,-778.408E-03
+33.300E-03,-16.433592E+00,-778.847E-03
+33.400E-03,-16.744395E+00,-778.502E-03
+33.500E-03,-17.001022E+00,-780.857E-03
+33.600E-03,-17.214496E+00,-781.643E-03
+33.700E-03,-17.455324E+00,-781.705E-03
+33.800E-03,-17.642448E+00,-783.276E-03
+33.900E-03,-17.755041E+00,-782.836E-03
+34.000E-03,-17.857962E+00,-782.271E-03
+34.100E-03,-17.912108E+00,-782.962E-03
+34.200E-03,-18.024483E+00,-781.643E-03
+34.300E-03,-18.102372E+00,-782.522E-03
+34.400E-03,-18.153879E+00,-781.674E-03
+34.500E-03,-18.218672E+00,-780.857E-03
+34.600E-03,-18.270682E+00,-781.580E-03
+34.700E-03,-18.292164E+00,-781.266E-03
+34.800E-03,-18.310380E+00,-781.894E-03
+34.900E-03,-18.339401E+00,-781.643E-03
+35.000E-03,-18.390782E+00,-782.428E-03
+35.100E-03,-18.439400E+00,-781.517E-03
+35.200E-03,-18.470682E+00,-782.177E-03
+35.300E-03,-18.484218E+00,-781.266E-03
+35.400E-03,-18.486856E+00,-781.360E-03
+35.500E-03,-18.490657E+00,-782.114E-03
+35.600E-03,-18.493577E+00,-781.611E-03
+35.700E-03,-18.491002E+00,-780.355E-03
+35.800E-03,-18.484092E+00,-781.862E-03
+35.900E-03,-18.470242E+00,-782.867E-03
+36.000E-03,-18.447786E+00,-782.428E-03
+36.100E-03,-18.377433E+00,-783.244E-03
+36.200E-03,-18.276585E+00,-781.046E-03
+36.300E-03,-17.976144E+00,-780.920E-03
+36.400E-03,-17.565340E+00,-779.475E-03
+36.500E-03,-17.156798E+00,-780.386E-03
+36.600E-03,-16.713769E+00,-779.727E-03
+36.700E-03,-16.251490E+00,-779.067E-03
+36.800E-03,-15.760722E+00,-778.502E-03
+36.900E-03,-15.295616E+00,-778.502E-03
+37.000E-03,-14.814146E+00,-777.874E-03
+37.100E-03,-14.295459E+00,-776.146E-03
+37.200E-03,-13.805478E+00,-772.629E-03
+37.300E-03,-13.311948E+00,-771.435E-03
+37.400E-03,-12.809655E+00,-766.850E-03
+37.500E-03,-12.299384E+00,-767.509E-03
+37.600E-03,-11.810252E+00,-765.405E-03
+37.700E-03,-11.265905E+00,-763.050E-03
+37.800E-03,-10.715654E+00,-763.960E-03
+37.900E-03,-10.167821E+00,-760.160E-03
+38.000E-03,-9.624448E+00,-758.558E-03
+38.100E-03,-9.035471E+00,-753.439E-03
+38.200E-03,-8.432299E+00,-751.303E-03
+38.300E-03,-7.828059E+00,-748.100E-03
+38.400E-03,-7.264460E+00,-744.739E-03
+38.500E-03,-6.749919E+00,-741.128E-03
+38.600E-03,-6.202336E+00,-736.479E-03
+38.700E-03,-5.416720E+00,-730.355E-03
+38.800E-03,-4.511695E+00,-722.283E-03
+38.900E-03,-3.764365E+00,-713.709E-03
+39.000E-03,-3.133712E+00,-700.769E-03
+39.100E-03,-2.587419E+00,-690.499E-03
+39.200E-03,-2.067193E+00,-675.989E-03
+39.300E-03,-1.616345E+00,-659.281E-03
+39.400E-03,-1.247689E+00,-638.175E-03
+39.500E-03,-994.895E-03,-609.532E-03
+39.600E-03,-573.851E-03,-249.479E-03
+39.700E-03,-387.170E-03,-23.665E-03
+39.800E-03,-352.340E-03,-3.345E-03
+39.900E-03,-273.570E-03,+48.510E-03
+40.000E-03,+85.195E-03,+418.110E-03
+40.100E-03,+605.924E-03,+979.573E-03
+40.200E-03,+1.123385E+00,+1.473699E+00
+40.300E-03,+1.568109E+00,+1.914215E+00
+40.400E-03,+2.053347E+00,+2.375929E+00
+40.500E-03,+2.462079E+00,+2.790910E+00
+40.600E-03,+2.928347E+00,+3.169835E+00
+40.700E-03,+3.354039E+00,+3.464339E+00
+40.800E-03,+3.921690E+00,+3.738711E+00
+40.900E-03,+4.497381E+00,+3.945431E+00
+41.000E-03,+5.173293E+00,+4.073258E+00
+41.100E-03,+5.840314E+00,+4.182491E+00
+41.200E-03,+6.513871E+00,+4.231706E+00
+41.300E-03,+7.186484E+00,+4.301932E+00
+41.400E-03,+7.738272E+00,+4.359030E+00
+41.500E-03,+8.309285E+00,+4.391881E+00
+41.600E-03,+8.811074E+00,+4.409061E+00
+41.700E-03,+9.335697E+00,+4.422723E+00
+41.800E-03,+9.723919E+00,+4.433684E+00
+41.900E-03,+10.079038E+00,+4.441190E+00
+42.000E-03,+10.506205E+00,+4.453282E+00
+42.100E-03,+11.111608E+00,+4.471341E+00
+42.200E-03,+11.736200E+00,+4.490311E+00
+42.300E-03,+12.273448E+00,+4.505198E+00
+42.400E-03,+12.707336E+00,+4.517101E+00
+42.500E-03,+13.069647E+00,+4.525361E+00
+42.600E-03,+13.401463E+00,+4.533998E+00
+42.700E-03,+13.744678E+00,+4.541913E+00
+42.800E-03,+14.047599E+00,+4.546561E+00
+42.900E-03,+14.429791E+00,+4.554036E+00
+43.000E-03,+14.825928E+00,+4.562107E+00
+43.100E-03,+15.228158E+00,+4.566316E+00
+43.200E-03,+15.610257E+00,+4.573257E+00
+43.300E-03,+15.987298E+00,+4.578659E+00
+43.400E-03,+16.311041E+00,+4.583464E+00
+43.500E-03,+16.568862E+00,+4.585035E+00
+43.600E-03,+16.791066E+00,+4.585223E+00
+43.700E-03,+17.011857E+00,+4.586668E+00
+43.800E-03,+17.201242E+00,+4.591128E+00
+43.900E-03,+17.297347E+00,+4.594080E+00
+44.000E-03,+17.384815E+00,+4.593986E+00
+44.100E-03,+17.474419E+00,+4.593923E+00
+44.200E-03,+17.556047E+00,+4.595807E+00
+44.300E-03,+17.661197E+00,+4.596530E+00
+44.400E-03,+17.694080E+00,+4.597535E+00
+44.500E-03,+17.733590E+00,+4.597597E+00
+44.600E-03,+17.789526E+00,+4.598100E+00
+44.700E-03,+17.838961E+00,+4.597189E+00
+44.800E-03,+17.873226E+00,+4.597849E+00
+44.900E-03,+17.897221E+00,+4.597597E+00
+45.000E-03,+17.933810E+00,+4.598383E+00
+45.100E-03,+17.975487E+00,+4.597597E+00
+45.200E-03,+18.004319E+00,+4.598383E+00
+45.300E-03,+18.019457E+00,+4.597974E+00
+45.400E-03,+18.025738E+00,+4.597597E+00
+45.500E-03,+18.030229E+00,+4.598226E+00
+45.600E-03,+18.031172E+00,+4.598383E+00
+45.700E-03,+18.024293E+00,+4.598383E+00
+45.800E-03,+18.013992E+00,+4.598383E+00
+45.900E-03,+17.994833E+00,+4.598288E+00
+46.000E-03,+17.963332E+00,+4.597597E+00
+46.100E-03,+17.909280E+00,+4.598383E+00
+46.200E-03,+17.788174E+00,+4.597535E+00
+46.300E-03,+17.506766E+00,+4.596027E+00
+46.400E-03,+17.100170E+00,+4.590122E+00
+46.500E-03,+16.691188E+00,+4.585192E+00
+46.600E-03,+16.226143E+00,+4.583464E+00
+46.700E-03,+15.771401E+00,+4.574607E+00
+46.800E-03,+15.271809E+00,+4.568860E+00
+46.900E-03,+14.784059E+00,+4.562296E+00
+47.000E-03,+14.295616E+00,+4.552214E+00
+47.100E-03,+13.785409E+00,+4.542415E+00
+47.200E-03,+13.251018E+00,+4.531234E+00
+47.300E-03,+12.758084E+00,+4.516222E+00
+47.400E-03,+12.247752E+00,+4.505104E+00
+47.500E-03,+11.745835E+00,+4.487673E+00
+47.600E-03,+11.227903E+00,+4.472597E+00
+47.700E-03,+10.674856E+00,+4.457271E+00
+47.800E-03,+10.129692E+00,+4.441567E+00
+47.900E-03,+9.577682E+00,+4.426806E+00
+48.000E-03,+9.009340E+00,+4.413709E+00
+48.100E-03,+8.397311E+00,+4.396278E+00
+48.200E-03,+7.787481E+00,+4.356485E+00
+48.300E-03,+7.163925E+00,+4.296341E+00
+48.400E-03,+6.570867E+00,+4.235851E+00
+48.500E-03,+6.064617E+00,+4.202026E+00
+48.600E-03,+5.508963E+00,+4.133840E+00
+48.700E-03,+4.699697E+00,+3.997376E+00
+48.800E-03,+3.791248E+00,+3.669957E+00
+48.900E-03,+3.051677E+00,+3.266188E+00
+49.000E-03,+2.499762E+00,+2.834561E+00
+49.100E-03,+2.019328E+00,+2.356766E+00
+49.200E-03,+1.544674E+00,+1.899008E+00
+49.300E-03,+1.093795E+00,+1.454034E+00
+49.400E-03,+638.611E-03,+1.023882E+00
+49.500E-03,+179.724E-03,+526.929E-03
+49.600E-03,-247.348E-03,+92.852E-03
+49.700E-03,-360.286E-03,-1.115E-03
+49.800E-03,-391.316E-03,-18.577E-03
+49.900E-03,-473.668E-03,-135.759E-03
+50.000E-03,-864.089E-03,-542.165E-03
+50.100E-03,-1.179572E+00,-629.382E-03
+50.200E-03,-1.424200E+00,-652.434E-03
+50.300E-03,-1.797255E+00,-665.971E-03
+50.400E-03,-2.267544E+00,-683.558E-03
+50.500E-03,-2.709410E+00,-695.430E-03
+50.600E-03,-3.223417E+00,-700.864E-03
+50.700E-03,-3.728474E+00,-713.741E-03
+50.800E-03,-4.334285E+00,-721.310E-03
+50.900E-03,-4.937582E+00,-726.775E-03
+51.000E-03,-5.628538E+00,-734.061E-03
+51.100E-03,-6.262739E+00,-737.264E-03
+51.200E-03,-6.933249E+00,-743.169E-03
+51.300E-03,-7.621848E+00,-747.692E-03
+51.400E-03,-8.185760E+00,-751.241E-03
+51.500E-03,-8.796251E+00,-754.004E-03
+51.600E-03,-9.314623E+00,-757.051E-03
+51.700E-03,-9.820276E+00,-759.878E-03
+51.800E-03,-10.220212E+00,-763.489E-03
+51.900E-03,-10.569522E+00,-764.369E-03
+52.000E-03,-11.019083E+00,-765.939E-03
+52.100E-03,-11.592293E+00,-764.871E-03
+52.200E-03,-12.191790E+00,-767.133E-03
+52.300E-03,-12.736953E+00,-769.865E-03
+52.400E-03,-13.192292E+00,-773.006E-03
+52.500E-03,-13.565878E+00,-776.932E-03
+52.600E-03,-13.898698E+00,-773.540E-03
+52.700E-03,-14.210162E+00,-775.330E-03
+52.800E-03,-14.531362E+00,-775.361E-03
+52.900E-03,-14.911042E+00,-777.371E-03
+53.000E-03,-15.290439E+00,-777.717E-03
+53.100E-03,-15.679164E+00,-777.748E-03
+53.200E-03,-16.067261E+00,-779.004E-03
+53.300E-03,-16.427876E+00,-779.287E-03
+53.400E-03,-16.740564E+00,-779.287E-03
+53.500E-03,-16.998510E+00,-780.072E-03
+53.600E-03,-17.213083E+00,-780.449E-03
+53.700E-03,-17.451587E+00,-782.239E-03
+53.800E-03,-17.642385E+00,-781.643E-03
+53.900E-03,-17.752498E+00,-782.428E-03
+54.000E-03,-17.856392E+00,-782.271E-03
+54.100E-03,-17.912202E+00,-781.800E-03
+54.200E-03,-18.026179E+00,-782.773E-03
+54.300E-03,-18.102277E+00,-781.234E-03
+54.400E-03,-18.153094E+00,-783.150E-03
+54.500E-03,-18.216945E+00,-781.171E-03
+54.600E-03,-18.269394E+00,-781.580E-03
+54.700E-03,-18.292510E+00,-781.674E-03
+54.800E-03,-18.310914E+00,-782.145E-03
+54.900E-03,-18.337548E+00,-783.087E-03
+55.000E-03,-18.393138E+00,-785.568E-03
+55.100E-03,-18.439401E+00,-786.260E-03
+55.200E-03,-18.470745E+00,-783.213E-03
+55.300E-03,-18.482302E+00,-782.836E-03
+55.400E-03,-18.488144E+00,-783.213E-03
+55.500E-03,-18.490971E+00,-784.940E-03
+55.600E-03,-18.493483E+00,-783.213E-03
+55.700E-03,-18.487453E+00,-785.568E-03
+55.800E-03,-18.484092E+00,-783.433E-03
+55.900E-03,-18.470148E+00,-782.239E-03
+56.000E-03,-18.445430E+00,-782.585E-03
+56.100E-03,-18.377025E+00,-783.024E-03
+56.200E-03,-18.275863E+00,-780.795E-03
+56.300E-03,-17.976081E+00,-780.072E-03
+56.400E-03,-17.565151E+00,-780.072E-03
+56.500E-03,-17.155227E+00,-780.072E-03
+56.600E-03,-16.713015E+00,-778.942E-03
+56.700E-03,-16.251175E+00,-777.937E-03
+56.800E-03,-15.761790E+00,-777.811E-03
+56.900E-03,-15.297249E+00,-778.439E-03
+57.000E-03,-14.819014E+00,-775.204E-03
+57.100E-03,-14.298317E+00,-774.859E-03
+57.200E-03,-13.808964E+00,-773.791E-03
+57.300E-03,-13.314241E+00,-773.006E-03
+57.400E-03,-12.811225E+00,-766.065E-03
+57.500E-03,-12.299384E+00,-765.939E-03
+57.600E-03,-11.809843E+00,-765.939E-03
+57.700E-03,-11.270082E+00,-763.050E-03
+57.800E-03,-10.722311E+00,-763.238E-03
+57.900E-03,-10.175233E+00,-759.375E-03
+58.000E-03,-9.631985E+00,-756.517E-03
+58.100E-03,-9.044956E+00,-754.130E-03
+58.200E-03,-8.439679E+00,-751.115E-03
+58.300E-03,-7.832550E+00,-747.535E-03
+58.400E-03,-7.266282E+00,-746.310E-03
+58.500E-03,-6.753844E+00,-740.342E-03
+58.600E-03,-6.207235E+00,-737.704E-03
+58.700E-03,-5.426864E+00,-730.418E-03
+58.800E-03,-4.525105E+00,-720.776E-03
+58.900E-03,-3.777336E+00,-710.568E-03
+59.000E-03,-3.144233E+00,-698.571E-03
+59.100E-03,-2.595427E+00,-688.646E-03
+59.200E-03,-2.068889E+00,-674.764E-03
+59.300E-03,-1.617224E+00,-657.805E-03
+59.400E-03,-1.246998E+00,-636.668E-03
+59.500E-03,-995.366E-03,-609.061E-03
+59.600E-03,-574.353E-03,-249.038E-03
+59.700E-03,-386.416E-03,-23.257E-03
+59.800E-03,-351.554E-03,-2.811E-03
+59.900E-03,-274.606E-03,+45.652E-03
+60.000E-03,+80.484E-03,+411.829E-03
+60.100E-03,+599.517E-03,+974.360E-03
+60.200E-03,+1.128128E+00,+1.480043E+00
+60.300E-03,+1.574014E+00,+1.918204E+00
+60.400E-03,+2.062550E+00,+2.382776E+00
+60.500E-03,+2.466633E+00,+2.797977E+00
+60.600E-03,+2.932305E+00,+3.172976E+00
+60.700E-03,+3.354322E+00,+3.464622E+00
+60.800E-03,+3.927407E+00,+3.740847E+00
+60.900E-03,+4.500867E+00,+3.947787E+00
+61.000E-03,+5.171723E+00,+4.073572E+00
+61.100E-03,+5.840126E+00,+4.183873E+00
+61.200E-03,+6.512175E+00,+4.231706E+00
+61.300E-03,+7.186798E+00,+4.305795E+00
+61.400E-03,+7.739435E+00,+4.359815E+00
+61.500E-03,+8.312740E+00,+4.393923E+00
+61.600E-03,+8.817104E+00,+4.409846E+00
+61.700E-03,+9.338618E+00,+4.422723E+00
+61.800E-03,+9.724327E+00,+4.433684E+00
+61.900E-03,+10.077342E+00,+4.441944E+00
+62.000E-03,+10.505263E+00,+4.454381E+00
+62.100E-03,+11.108468E+00,+4.471121E+00
+62.200E-03,+11.732180E+00,+4.488709E+00
+62.300E-03,+12.270621E+00,+4.505418E+00
+62.400E-03,+12.702091E+00,+4.519457E+00
+62.500E-03,+13.067292E+00,+4.530072E+00
+62.600E-03,+13.397411E+00,+4.534407E+00
+62.700E-03,+13.738366E+00,+4.540845E+00
+62.800E-03,+14.041349E+00,+4.548540E+00
+62.900E-03,+14.420150E+00,+4.554758E+00
+63.000E-03,+14.813366E+00,+4.561793E+00
+63.100E-03,+15.216538E+00,+4.568609E+00
+63.200E-03,+15.601495E+00,+4.573257E+00
+63.300E-03,+15.987644E+00,+4.578314E+00
+63.400E-03,+16.307712E+00,+4.585035E+00
+63.500E-03,+16.565407E+00,+4.585349E+00
+63.600E-03,+16.787549E+00,+4.586197E+00
+63.700E-03,+17.005702E+00,+4.588960E+00
+63.800E-03,+17.194490E+00,+4.591379E+00
+63.900E-03,+17.293609E+00,+4.593672E+00
+64.000E-03,+17.375708E+00,+4.593672E+00
+64.100E-03,+17.471718E+00,+4.594896E+00
+64.200E-03,+17.552718E+00,+4.595462E+00
+64.300E-03,+17.662673E+00,+4.596027E+00
+64.400E-03,+17.694080E+00,+4.596875E+00
+64.500E-03,+17.732177E+00,+4.596655E+00
+64.600E-03,+17.787391E+00,+4.596812E+00
+64.700E-03,+17.836605E+00,+4.598383E+00
+64.800E-03,+17.872472E+00,+4.597315E+00
+64.900E-03,+17.895274E+00,+4.596687E+00
+65.000E-03,+17.930669E+00,+4.596027E+00
+65.100E-03,+17.969331E+00,+4.598383E+00
+65.200E-03,+18.000613E+00,+4.597315E+00
+65.300E-03,+18.017478E+00,+4.596812E+00
+65.400E-03,+18.023320E+00,+4.597817E+00
+65.500E-03,+18.028031E+00,+4.598068E+00
+65.600E-03,+18.024168E+00,+4.597597E+00
+65.700E-03,+18.021059E+00,+4.598383E+00
+65.800E-03,+18.012296E+00,+4.597597E+00
+65.900E-03,+17.993200E+00,+4.597597E+00
+66.000E-03,+17.964431E+00,+4.598383E+00
+66.100E-03,+17.910066E+00,+4.598194E+00
+66.200E-03,+17.790529E+00,+4.597597E+00
+66.300E-03,+17.508462E+00,+4.594457E+00
+66.400E-03,+17.101331E+00,+4.588960E+00
+66.500E-03,+16.692601E+00,+4.585349E+00
+66.600E-03,+16.227022E+00,+4.581988E+00
+66.700E-03,+15.771621E+00,+4.576649E+00
+66.800E-03,+15.272185E+00,+4.570022E+00
+66.900E-03,+14.787890E+00,+4.560003E+00
+67.000E-03,+14.300484E+00,+4.551586E+00
+67.100E-03,+13.789617E+00,+4.543483E+00
+67.200E-03,+13.250547E+00,+4.531328E+00
+67.300E-03,+12.754158E+00,+4.517572E+00
+67.400E-03,+12.248788E+00,+4.503659E+00
+67.500E-03,+11.747405E+00,+4.488458E+00
+67.600E-03,+11.226992E+00,+4.471938E+00
+67.700E-03,+10.673536E+00,+4.457553E+00
+67.800E-03,+10.130069E+00,+4.442415E+00
+67.900E-03,+9.576111E+00,+4.426021E+00
+68.000E-03,+9.005257E+00,+4.413709E+00
+68.100E-03,+8.389553E+00,+4.394802E+00
+68.200E-03,+7.786696E+00,+4.357867E+00
+68.300E-03,+7.168887E+00,+4.296089E+00
+68.400E-03,+6.578813E+00,+4.234877E+00
+68.500E-03,+6.068857E+00,+4.200298E+00
+68.600E-03,+5.511538E+00,+4.136227E+00
+68.700E-03,+4.704533E+00,+3.999669E+00
+68.800E-03,+3.796744E+00,+3.673945E+00
+68.900E-03,+3.054660E+00,+3.267758E+00
+69.000E-03,+2.504001E+00,+2.840528E+00
+69.100E-03,+2.024542E+00,+2.364523E+00
+69.200E-03,+1.548819E+00,+1.903154E+00
+69.300E-03,+1.097720E+00,+1.461100E+00
+69.400E-03,+644.390E-03,+1.033994E+00
+69.500E-03,+188.518E-03,+538.235E-03
+69.600E-03,-241.287E-03,+98.914E-03
+69.700E-03,-360.223E-03,-738E-06
+69.800E-03,-390.782E-03,-20.179E-03
+69.900E-03,-471.469E-03,-133.278E-03
+70.000E-03,-859.378E-03,-537.455E-03
+70.100E-03,-1.178033E+00,-630.292E-03
+70.200E-03,-1.420243E+00,-650.581E-03
+70.300E-03,-1.790220E+00,-666.693E-03
+70.400E-03,-2.260195E+00,-681.705E-03
+70.500E-03,-2.695905E+00,-691.819E-03
+70.600E-03,-3.215597E+00,-703.219E-03
+70.700E-03,-3.717858E+00,-712.547E-03
+70.800E-03,-4.327313E+00,-719.959E-03
+70.900E-03,-4.934191E+00,-727.371E-03
+71.000E-03,-5.626341E+00,-733.747E-03
+71.100E-03,-6.262143E+00,-739.808E-03
+71.200E-03,-6.934035E+00,-744.017E-03
+71.300E-03,-7.619556E+00,-747.880E-03
+71.400E-03,-8.182809E+00,-753.565E-03
+71.500E-03,-8.791070E+00,-754.790E-03
+71.600E-03,-9.311922E+00,-754.695E-03
+71.700E-03,-9.815346E+00,-756.737E-03
+71.800E-03,-10.216789E+00,-760.035E-03
+71.900E-03,-10.561796E+00,-761.322E-03
+72.000E-03,-11.014529E+00,-763.270E-03
+72.100E-03,-11.583531E+00,-765.154E-03
+72.200E-03,-12.187739E+00,-767.101E-03
+72.300E-03,-12.735572E+00,-768.263E-03
+72.400E-03,-13.199013E+00,-775.518E-03
+72.500E-03,-13.571375E+00,-776.146E-03
+72.600E-03,-13.901808E+00,-775.770E-03
+72.700E-03,-14.214905E+00,-775.644E-03
+72.800E-03,-14.533058E+00,-774.576E-03
+72.900E-03,-14.913398E+00,-777.717E-03
+73.000E-03,-15.290596E+00,-778.502E-03
+73.100E-03,-15.676871E+00,-777.748E-03
+73.200E-03,-16.067858E+00,-778.502E-03
+73.300E-03,-16.425301E+00,-778.847E-03
+73.400E-03,-16.738020E+00,-779.287E-03
+73.500E-03,-16.995213E+00,-779.758E-03
+73.600E-03,-17.211136E+00,-780.669E-03
+73.700E-03,-17.452969E+00,-781.517E-03
+73.800E-03,-17.645338E+00,-782.302E-03
+73.900E-03,-17.753848E+00,-779.884E-03
+74.000E-03,-17.856863E+00,-781.643E-03
+74.100E-03,-17.911857E+00,-780.952E-03
+74.200E-03,-18.026618E+00,-780.292E-03
+74.300E-03,-18.102968E+00,-782.428E-03
+74.400E-03,-18.154664E+00,-782.334E-03
+74.500E-03,-18.216945E+00,-781.800E-03
+74.600E-03,-18.269112E+00,-782.145E-03
+74.700E-03,-18.291756E+00,-781.611E-03
+74.800E-03,-18.309846E+00,-781.894E-03
+74.900E-03,-18.335066E+00,-782.428E-03
+75.000E-03,-18.386857E+00,-782.428E-03
+75.100E-03,-18.437296E+00,-783.087E-03
+75.200E-03,-18.465437E+00,-782.679E-03
+75.300E-03,-18.481517E+00,-782.836E-03
+75.400E-03,-18.488427E+00,-782.208E-03
+75.500E-03,-18.490500E+00,-782.899E-03
+75.600E-03,-18.491253E+00,-782.428E-03
+75.700E-03,-18.489714E+00,-783.119E-03
+75.800E-03,-18.482082E+00,-782.993E-03
+75.900E-03,-18.466913E+00,-782.773E-03
+76.000E-03,-18.441975E+00,-782.899E-03
+76.100E-03,-18.374481E+00,-781.046E-03
+76.200E-03,-18.276522E+00,-782.302E-03
+76.300E-03,-17.977714E+00,-782.491E-03
+76.400E-03,-17.568291E+00,-780.857E-03
+76.500E-03,-17.160566E+00,-780.857E-03
+76.600E-03,-16.720835E+00,-779.381E-03
+76.700E-03,-16.257645E+00,-778.502E-03
+76.800E-03,-15.768667E+00,-777.717E-03
+76.900E-03,-15.301897E+00,-776.963E-03
+77.000E-03,-14.822311E+00,-775.361E-03
+77.100E-03,-14.302023E+00,-775.204E-03
+77.200E-03,-13.812481E+00,-773.037E-03
+77.300E-03,-13.317915E+00,-772.503E-03
+77.400E-03,-12.817914E+00,-770.399E-03
+77.500E-03,-12.302524E+00,-767.509E-03
+77.600E-03,-11.808681E+00,-766.850E-03
+77.700E-03,-11.268762E+00,-766.190E-03
+77.800E-03,-10.723128E+00,-762.830E-03
+77.900E-03,-10.176959E+00,-759.595E-03
+78.000E-03,-9.631827E+00,-756.360E-03
+78.100E-03,-9.039585E+00,-754.130E-03
+78.200E-03,-8.438894E+00,-751.303E-03
+78.300E-03,-7.829723E+00,-749.670E-03
+78.400E-03,-7.268103E+00,-744.739E-03
+78.500E-03,-6.754315E+00,-742.227E-03
+78.600E-03,-6.212731E+00,-736.479E-03
+78.700E-03,-5.431040E+00,-729.758E-03
+78.800E-03,-4.522340E+00,-720.650E-03
+78.900E-03,-3.773786E+00,-712.924E-03
+79.000E-03,-3.139051E+00,-699.670E-03
+79.100E-03,-2.591752E+00,-689.871E-03
+79.200E-03,-2.067067E+00,-675.769E-03
+79.300E-03,-1.612701E+00,-657.993E-03
+79.400E-03,-1.245302E+00,-637.359E-03
+79.500E-03,-994.895E-03,-607.804E-03
+79.600E-03,-575.295E-03,-250.546E-03
+79.700E-03,-385.662E-03,-22.126E-03
+79.800E-03,-353.156E-03,-2.811E-03
+79.900E-03,-277.119E-03,+44.364E-03
+80.000E-03,+77.344E-03,+411.829E-03
+80.100E-03,+600.680E-03,+977.250E-03
+80.200E-03,+1.126244E+00,+1.478473E+00
+80.300E-03,+1.569272E+00,+1.916195E+00
+80.400E-03,+2.053222E+00,+2.377091E+00
+80.500E-03,+2.458468E+00,+2.786671E+00
+80.600E-03,+2.927531E+00,+3.166726E+00
+80.700E-03,+3.345183E+00,+3.459817E+00
+80.800E-03,+3.923168E+00,+3.739277E+00
+80.900E-03,+4.499392E+00,+3.948227E+00
+81.000E-03,+5.172352E+00,+4.074200E+00
+81.100E-03,+5.835385E+00,+4.181298E+00
+81.200E-03,+6.509349E+00,+4.231706E+00
+81.300E-03,+7.183721E+00,+4.301398E+00
+81.400E-03,+7.733342E+00,+4.356831E+00
+81.500E-03,+8.301434E+00,+4.393138E+00
+81.600E-03,+8.801307E+00,+4.409846E+00
+81.700E-03,+9.326590E+00,+4.422723E+00
+81.800E-03,+9.712707E+00,+4.434375E+00
+81.900E-03,+10.069741E+00,+4.440499E+00
+82.000E-03,+10.498197E+00,+4.454538E+00
+82.100E-03,+11.099109E+00,+4.471624E+00
+82.200E-03,+11.723575E+00,+4.488395E+00
+82.300E-03,+12.268266E+00,+4.503565E+00
+82.400E-03,+12.702500E+00,+4.517604E+00
+82.500E-03,+13.065722E+00,+4.528502E+00
+82.600E-03,+13.397129E+00,+4.537547E+00
+82.700E-03,+13.735728E+00,+4.541096E+00
+82.800E-03,+14.034723E+00,+4.549293E+00
+82.900E-03,+14.415784E+00,+4.556046E+00
+83.000E-03,+14.808969E+00,+4.563050E+00
+83.100E-03,+15.210414E+00,+4.567164E+00
+83.200E-03,+15.598166E+00,+4.573948E+00
+83.300E-03,+15.980672E+00,+4.579538E+00
+83.400E-03,+16.304666E+00,+4.585035E+00
+83.500E-03,+16.563680E+00,+4.585663E+00
+83.600E-03,+16.784597E+00,+4.586793E+00
+83.700E-03,+17.002938E+00,+4.592572E+00
+83.800E-03,+17.190689E+00,+4.592824E+00
+83.900E-03,+17.295965E+00,+4.593263E+00
+84.000E-03,+17.379005E+00,+4.594928E+00
+84.100E-03,+17.473038E+00,+4.594363E+00
+84.200E-03,+17.555168E+00,+4.597032E+00
+84.300E-03,+17.661888E+00,+4.597503E+00
+84.400E-03,+17.695588E+00,+4.598351E+00
+84.500E-03,+17.732177E+00,+4.598383E+00
+84.600E-03,+17.787108E+00,+4.597378E+00
+84.700E-03,+17.838144E+00,+4.598383E+00
+84.800E-03,+17.874042E+00,+4.598131E+00
+84.900E-03,+17.898414E+00,+4.597597E+00
+85.000E-03,+17.934595E+00,+4.597597E+00
+85.100E-03,+17.975362E+00,+4.597063E+00
+85.200E-03,+18.002717E+00,+4.598383E+00
+85.300E-03,+18.017855E+00,+4.596781E+00
+85.400E-03,+18.025738E+00,+4.597378E+00
+85.500E-03,+18.028816E+00,+4.598383E+00
+85.600E-03,+18.028848E+00,+4.597629E+00
+85.700E-03,+18.022911E+00,+4.598288E+00
+85.800E-03,+18.013866E+00,+4.598383E+00
+85.900E-03,+17.993986E+00,+4.597943E+00
+86.000E-03,+17.966002E+00,+4.597440E+00
+86.100E-03,+17.913049E+00,+4.597409E+00
+86.200E-03,+17.792885E+00,+4.597597E+00
+86.300E-03,+17.510220E+00,+4.593923E+00
+86.400E-03,+17.103121E+00,+4.590311E+00
+86.500E-03,+16.691973E+00,+4.587233E+00
+86.600E-03,+16.226582E+00,+4.581548E+00
+86.700E-03,+15.771180E+00,+4.574388E+00
+86.800E-03,+15.273661E+00,+4.569237E+00
+86.900E-03,+14.787230E+00,+4.560788E+00
+87.000E-03,+14.299698E+00,+4.552528E+00
+87.100E-03,+13.791407E+00,+4.542133E+00
+87.200E-03,+13.252902E+00,+4.532114E+00
+87.300E-03,+12.760690E+00,+4.518860E+00
+87.400E-03,+12.250766E+00,+4.503533E+00
+87.500E-03,+11.745834E+00,+4.486102E+00
+87.600E-03,+11.226332E+00,+4.474576E+00
+87.700E-03,+10.673033E+00,+4.456203E+00
+87.800E-03,+10.134371E+00,+4.441630E+00
+87.900E-03,+9.584465E+00,+4.426806E+00
+88.000E-03,+9.012323E+00,+4.412453E+00
+88.100E-03,+8.396808E+00,+4.396215E+00
+88.200E-03,+7.793668E+00,+4.358652E+00
+88.300E-03,+7.176173E+00,+4.295869E+00
+88.400E-03,+6.584748E+00,+4.236196E+00
+88.500E-03,+6.075609E+00,+4.201554E+00
+88.600E-03,+5.523095E+00,+4.135411E+00
+88.700E-03,+4.723062E+00,+4.000957E+00
+88.800E-03,+3.809746E+00,+3.678593E+00
+88.900E-03,+3.065212E+00,+3.275798E+00
+89.000E-03,+2.512010E+00,+2.845867E+00
+89.100E-03,+2.030132E+00,+2.368197E+00
+89.200E-03,+1.553499E+00,+1.906985E+00
+89.300E-03,+1.106953E+00,+1.466910E+00
+89.400E-03,+648.190E-03,+1.035596E+00
+89.500E-03,+190.088E-03,+539.962E-03
+89.600E-03,-240.785E-03,+97.468E-03
+89.700E-03,-359.030E-03,-1.115E-03
+89.800E-03,-390.531E-03,-19.394E-03
+89.900E-03,-472.129E-03,-130.923E-03
+90.000E-03,-857.023E-03,-536.670E-03
+90.100E-03,-1.176746E+00,-629.758E-03
+90.200E-03,-1.418641E+00,-651.618E-03
+90.300E-03,-1.787112E+00,-667.164E-03
+90.400E-03,-2.258279E+00,-683.119E-03
+90.500E-03,-2.695435E+00,-693.232E-03
+90.600E-03,-3.214781E+00,-706.423E-03
+90.700E-03,-3.720717E+00,-714.023E-03
+90.800E-03,-4.330046E+00,-721.875E-03
+90.900E-03,-4.940378E+00,-727.905E-03
+91.000E-03,-5.633251E+00,-736.102E-03
+91.100E-03,-6.267043E+00,-741.002E-03
+91.200E-03,-6.938433E+00,-744.739E-03
+91.300E-03,-7.620279E+00,-749.262E-03
+91.400E-03,-8.186170E+00,-751.994E-03
+91.500E-03,-8.792798E+00,-754.947E-03
+91.600E-03,-9.312363E+00,-755.983E-03
+91.700E-03,-9.813085E+00,-759.532E-03
+91.800E-03,-10.217574E+00,-761.322E-03
+91.900E-03,-10.566350E+00,-763.552E-03
+92.000E-03,-11.015943E+00,-764.369E-03
+92.100E-03,-11.584662E+00,-765.154E-03
+92.200E-03,-12.185133E+00,-767.509E-03
+92.300E-03,-12.731929E+00,-770.650E-03
+92.400E-03,-13.190973E+00,-773.131E-03
+92.500E-03,-13.559598E+00,-775.361E-03
+92.600E-03,-13.891726E+00,-773.006E-03
+92.700E-03,-14.204949E+00,-774.827E-03
+92.800E-03,-14.526306E+00,-776.555E-03
+92.900E-03,-14.907619E+00,-776.649E-03
+93.000E-03,-15.285728E+00,-777.717E-03
+93.100E-03,-15.672066E+00,-778.502E-03
+93.200E-03,-16.063932E+00,-779.193E-03
+93.300E-03,-16.420810E+00,-779.852E-03
+93.400E-03,-16.733560E+00,-779.287E-03
+93.500E-03,-16.987832E+00,-780.543E-03
+93.600E-03,-17.203850E+00,-781.046E-03
+93.700E-03,-17.446405E+00,-783.213E-03
+93.800E-03,-17.635445E+00,-780.983E-03
+93.900E-03,-17.745996E+00,-781.831E-03
+94.000E-03,-17.848226E+00,-781.171E-03
+94.100E-03,-17.907837E+00,-782.428E-03
+94.200E-03,-18.018987E+00,-784.689E-03
+94.300E-03,-18.099325E+00,-781.737E-03
+94.400E-03,-18.148477E+00,-784.815E-03
+94.500E-03,-18.213333E+00,-781.643E-03
+94.600E-03,-18.267196E+00,-783.150E-03
+94.700E-03,-18.292164E+00,-782.805E-03
+94.800E-03,-18.308276E+00,-783.213E-03
+94.900E-03,-18.334941E+00,-783.872E-03
+95.000E-03,-18.387642E+00,-784.783E-03
+95.100E-03,-18.435600E+00,-783.213E-03
+95.200E-03,-18.467573E+00,-782.177E-03
+95.300E-03,-18.481140E+00,-783.244E-03
+95.400E-03,-18.485286E+00,-783.715E-03
+95.500E-03,-18.488458E+00,-784.155E-03
+95.600E-03,-18.490437E+00,-784.878E-03
+95.700E-03,-18.487453E+00,-782.616E-03
+95.800E-03,-18.480606E+00,-782.208E-03
+95.900E-03,-18.468232E+00,-782.334E-03
+96.000E-03,-18.443232E+00,-784.783E-03
+96.100E-03,-18.375643E+00,-781.454E-03
+96.200E-03,-18.276647E+00,-782.365E-03
+96.300E-03,-17.979410E+00,-781.643E-03
+96.400E-03,-17.570458E+00,-782.648E-03
+96.500E-03,-17.160565E+00,-781.171E-03
+96.600E-03,-16.718227E+00,-778.596E-03
+96.700E-03,-16.255289E+00,-778.502E-03
+96.800E-03,-15.767379E+00,-778.502E-03
+96.900E-03,-15.302745E+00,-778.502E-03
+97.000E-03,-14.824824E+00,-777.717E-03
+97.100E-03,-14.307676E+00,-775.926E-03
+97.200E-03,-13.817223E+00,-772.660E-03
+97.300E-03,-13.323693E+00,-772.754E-03
+97.400E-03,-12.819610E+00,-770.399E-03
+97.500E-03,-12.304879E+00,-767.509E-03
+97.600E-03,-11.813517E+00,-766.724E-03
+97.700E-03,-11.270866E+00,-765.939E-03
+97.800E-03,-10.721211E+00,-762.798E-03
+97.900E-03,-10.171808E+00,-760.663E-03
+98.000E-03,-9.630885E+00,-754.947E-03
+98.100E-03,-9.041092E+00,-754.161E-03
+98.200E-03,-8.440558E+00,-753.565E-03
+98.300E-03,-7.836255E+00,-750.455E-03
+98.400E-03,-7.269861E+00,-746.310E-03
+98.500E-03,-6.757612E+00,-741.285E-03
+98.600E-03,-6.210595E+00,-734.721E-03
+98.700E-03,-5.432296E+00,-728.313E-03
+98.800E-03,-4.526265E+00,-723.068E-03
+98.900E-03,-3.787134E+00,-711.730E-03
+99.000E-03,-3.152869E+00,-700.455E-03
+99.100E-03,-2.603875E+00,-690.311E-03
+99.200E-03,-2.077180E+00,-677.245E-03
+99.300E-03,-1.625075E+00,-657.805E-03
+99.400E-03,-1.250986E+00,-638.144E-03
+99.500E-03,-1.000234E+00,-606.548E-03
+99.600E-03,-580.853E-03,-255.884E-03
+99.700E-03,-387.201E-03,-24.073E-03
+99.800E-03,-351.052E-03,-3.879E-03
+99.900E-03,-279.443E-03,+41.506E-03
