194,04868615	0,00082900
194,25335996	0,00095503
194,45804685	0,00079418
194,66274682	0,00060458
194,86745987	0,00058492
195,07218600	0,00090466
195,27692521	0,00100960
195,48167749	0,00117180
195,68644285	0,00134628
195,89122128	0,00127993
196,09601278	0,00129499
196,30081735	0,00134476
196,50563499	0,00147293
196,71046569	0,00142395
196,91530946	0,00149300
197,12016629	0,00110770
197,32503618	0,00150115
197,52991914	0,00142856
197,73481515	0,00096498
197,93972421	0,00125529
198,14464633	0,00122156
198,34958151	0,00085505
198,55452973	0,00078700
198,75949100	0,00066227
198,96446533	0,00077527
199,16945269	0,00075231
199,37445311	0,00097063
199,57946656	0,00103060
199,78449306	0,00105398
199,98953260	0,00131282
200,19458518	0,00132829
200,39965079	0,00141164
200,60472944	0,00149172
200,80982112	0,00151348
201,01492583	0,00130455
201,22004357	0,00135741
201,42517434	0,00155435
201,63031814	0,00115742
201,83547497	0,00110876
202,04064481	0,00102171
202,24582768	0,00102840
202,45102357	0,00090456
202,65623248	0,00071834
202,86145440	0,00066773
203,06668934	0,00074918
203,27193730	0,00107688
203,47719826	0,00094192
203,68247224	0,00083952
203,88775922	0,00120241
204,09305922	0,00148719
204,29837221	0,00113163
204,50369822	0,00137010
204,70903722	0,00144591
204,91438922	0,00143955
205,11975423	0,00156796
205,32513223	0,00144049
205,53052323	0,00114170
205,73592722	0,00123754
205,94134420	0,00126264
206,14677418	0,00125986
206,35221714	0,00093776
206,55767309	0,00068877
206,76314203	0,00072177
206,96862395	0,00080978
207,17411885	0,00083351
207,37962674	0,00108071
207,58514761	0,00094622
207,79068145	0,00129229
207,99622827	0,00122013
208,20178806	0,00150922
208,40736083	0,00142797
208,61294657	0,00125769
208,81854527	0,00168295
209,02415695	0,00144842
209,22978159	0,00159565
209,43541920	0,00129025
209,64106977	0,00110532
209,84673330	0,00104570
210,05240979	0,00105828
210,25809924	0,00081178
210,46380164	0,00085803
210,66951701	0,00097520
210,87524532	0,00103865
211,08098659	0,00098554
211,28674080	0,00100814
211,49250797	0,00100464
211,69828808	0,00138021
211,90408113	0,00123685
212,10988713	0,00129968
212,31570608	0,00146937
212,52153796	0,00172821
212,72738278	0,00154762
212,93324054	0,00142509
213,13911123	0,00160400
213,34499486	0,00123319
213,55089142	0,00107915
213,75680091	0,00110187
213,96272332	0,00104661
214,16865867	0,00097026
214,37460694	0,00086715
214,58056814	0,00082119
214,78654225	0,00056734
214,99252929	0,00082217
215,19852925	0,00104515
215,40454212	0,00113901
215,61056791	0,00102218
215,81660662	0,00143370
216,02265823	0,00121583
216,22872276	0,00110562
216,43480020	0,00144616
216,64089054	0,00163081
216,84699380	0,00122307
217,05310995	0,00153162
217,25923901	0,00112100
217,46538097	0,00135070
217,67153583	0,00100168
217,87770358	0,00121397
218,08388423	0,00080853
218,29007778	0,00102643
218,49628422	0,00100739
218,70250355	0,00106521
218,90873577	0,00088234
219,11498088	0,00109292
219,32123888	0,00095146
219,52750976	0,00134344
219,73379352	0,00123803
219,94009016	0,00116061
220,14639969	0,00138849
220,35272209	0,00156909
220,55905737	0,00112355
220,76540552	0,00146944
220,97176655	0,00124700
221,17814045	0,00132343
221,38452722	0,00129662
221,59092686	0,00085772
221,79733936	0,00126102
222,00376473	0,00091139
222,21020297	0,00097170
222,41665406	0,00117932
222,62311802	0,00098126
222,82959483	0,00130076
223,03608450	0,00131503
223,24258703	0,00092348
223,44910241	0,00126613
223,65563064	0,00132491
223,86217172	0,00167928
224,06872565	0,00162169
224,27529243	0,00142881
224,48187206	0,00118685
224,68846453	0,00131811
224,89506984	0,00120280
225,10168799	0,00120572
225,30831898	0,00105966
225,51496281	0,00111159
225,72161947	0,00111829
225,92828897	0,00083464
226,13497130	0,00090154
226,34166646	0,00112286
226,54837445	0,00111557
226,75509527	0,00111563
226,96182891	0,00136207
227,16857538	0,00119434
227,37533467	0,00183312
227,58210678	0,00171058
227,78889171	0,00133574
227,99568946	0,00135228
228,20250003	0,00147553
228,40932341	0,00153515
228,61615960	0,00111890
228,82300861	0,00117947
229,02987042	0,00111431
229,23674504	0,00122110
229,44363247	0,00091507
229,65053270	0,00075004
229,85744574	0,00098274
230,06437158	0,00119505
230,27131022	0,00100351
230,47826165	0,00110529
230,68522588	0,00128096
230,89220291	0,00131838
231,09919273	0,00139129
231,30619535	0,00149847
231,51321075	0,00150080
231,72023894	0,00166017
231,92727992	0,00159399
232,13433368	0,00128329
232,34140023	0,00119888
232,54847955	0,00118374
232,75557166	0,00117126
232,96267655	0,00128790
233,16979422	0,00108435
233,37692465	0,00108207
233,58406787	0,00079072
233,79122385	0,00095421
233,99839261	0,00129258
234,20557413	0,00133009
234,41276843	0,00112836
234,61997548	0,00130262
234,82719531	0,00156024
235,03442789	0,00136590
235,24167323	0,00173679
235,44893134	0,00138478
235,65620220	0,00161853
235,86348582	0,00141214
236,07078219	0,00133536
236,27809131	0,00126893
236,48541318	0,00114975
236,69274781	0,00105509
236,90009518	0,00132049
237,10745530	0,00095857
237,31482816	0,00107335
237,52221376	0,00125191
237,72961211	0,00114515
237,93702319	0,00112141
238,14444701	0,00126691
238,35188357	0,00142652
238,55933287	0,00150588
238,76679489	0,00159293
238,97426965	0,00142159
239,18175714	0,00156265
239,38925735	0,00161544
239,59677029	0,00149813
239,80429596	0,00149899
240,01183435	0,00126671
240,21938546	0,00119678
240,42694929	0,00111067
240,63452584	0,00109385
240,84211511	0,00084057
241,04971709	0,00091689
241,25733178	0,00115479
241,46495919	0,00124081
241,67259930	0,00136413
241,88025213	0,00139048
242,08791766	0,00141543
242,29559590	0,00154507
242,50328683	0,00151976
242,71099048	0,00160379
242,91870682	0,00132652
243,12643586	0,00150846
243,33417760	0,00170159
243,54193203	0,00135583
243,74969916	0,00149038
243,95747897	0,00113473
244,16527148	0,00125232
244,37307668	0,00121530
244,58089457	0,00117338
244,78872514	0,00115342
244,99656839	0,00107622
245,20442433	0,00094985
245,41229295	0,00140269
245,62017424	0,00139862
245,82806822	0,00160446
246,03597487	0,00142797
246,24389419	0,00147116
246,45182619	0,00174310
246,65977086	0,00162721
246,86772819	0,00130197
247,07569820	0,00138551
247,28368087	0,00127190
247,49167620	0,00125984
247,69968420	0,00103344
247,90770486	0,00123043
248,11573818	0,00130521
248,32378415	0,00099245
248,53184278	0,00131109
248,73991407	0,00105537
248,94799801	0,00138809
249,15609460	0,00118641
249,36420384	0,00124334
249,57232573	0,00160010
249,78046027	0,00160240
249,98860745	0,00171318
250,19676727	0,00166235
250,40493973	0,00150050
250,61312484	0,00148177
250,82132258	0,00150144
251,02953296	0,00161776
251,23775597	0,00133683
251,44599162	0,00108386
251,65423990	0,00111369
251,86250081	0,00144452
252,07077434	0,00111595
252,27906051	0,00099708
252,48735930	0,00140029
252,69567071	0,00117070
252,90399474	0,00135618
253,11233140	0,00163199
253,32068067	0,00172958
253,52904256	0,00172566
253,73741707	0,00150583
253,94580419	0,00193122
254,15420392	0,00141819
254,36261626	0,00144772
254,57104122	0,00154998
254,77947877	0,00152093
254,98792894	0,00147076
255,19639171	0,00146005
255,40486708	0,00129366
255,61335505	0,00137571
255,82185562	0,00102368
256,03036878	0,00103061
256,23889455	0,00130633
256,44743291	0,00146755
256,65598385	0,00139402
256,86454740	0,00140624
257,07312353	0,00144831
257,28171224	0,00147129
257,49031355	0,00179556
257,69892743	0,00156925
257,90755391	0,00166955
258,11619296	0,00184530
258,32484459	0,00121376
258,53350880	0,00161575
258,74218558	0,00120762
258,95087494	0,00132894
259,15957687	0,00122150
259,36829138	0,00112600
259,57701845	0,00105253
259,78575809	0,00104954
259,99451030	0,00127289
260,20327507	0,00141921
260,41205241	0,00117827
260,62084231	0,00136256
260,82964477	0,00152504
261,03845978	0,00146705
261,24728735	0,00168316
261,45612748	0,00159524
261,66498016	0,00183513
261,87384539	0,00135450
262,08272317	0,00133647
262,29161350	0,00145178
262,50051638	0,00129074
262,70943180	0,00110641
262,91835977	0,00115868
263,12730028	0,00118793
263,33625333	0,00085343
263,54521891	0,00120162
263,75419704	0,00116505
263,96318770	0,00110108
264,17219089	0,00151480
264,38120662	0,00143716
264,59023487	0,00142835
264,79927566	0,00176634
265,00832897	0,00185066
265,21739480	0,00174294
265,42647316	0,00165632
265,63556405	0,00154996
265,84466745	0,00143397
266,05378338	0,00144837
266,26291182	0,00139034
266,47205277	0,00137178
266,68120624	0,00117782
266,89037223	0,00139916
267,09955072	0,00127859
267,30874172	0,00131717
267,51794523	0,00092260
267,72716125	0,00142895
267,93638977	0,00128002
268,14563080	0,00136982
268,35488432	0,00177525
268,56415034	0,00162577
268,77342887	0,00141729
268,98271989	0,00156736
269,19202340	0,00140065
269,40133940	0,00131725
269,61066790	0,00162633
269,82000889	0,00130630
270,02936236	0,00136728
270,23872832	0,00141922
270,44810677	0,00123612
270,65749770	0,00108026
270,86690111	0,00134646
271,07631700	0,00135944
271,28574537	0,00093080
271,49518621	0,00133230
271,70463953	0,00126789
271,91410533	0,00144735
272,12358359	0,00126018
272,33307433	0,00175575
272,54257753	0,00145927
272,75209320	0,00184981
272,96162134	0,00159746
273,17116194	0,00143536
273,38071500	0,00149253
273,59028052	0,00164141
273,79985850	0,00141647
274,00944894	0,00124633
274,21905183	0,00134680
274,42866717	0,00139452
274,63829497	0,00143411
274,84793522	0,00116278
275,05758792	0,00101805
275,26725306	0,00131679
275,47693065	0,00130437
275,68662069	0,00141871
275,89632316	0,00130468
276,10603808	0,00134269
276,31576544	0,00166694
276,52550523	0,00153065
276,73525746	0,00135319
276,94502213	0,00143927
277,15479922	0,00156243
277,36458875	0,00113173
277,57439070	0,00134215
277,78420509	0,00122078
277,99403190	0,00093666
278,20387113	0,00131839
278,41372279	0,00114421
278,62358687	0,00090822
278,83346336	0,00144597
279,04335228	0,00119245
279,25325361	0,00140734
279,46316736	0,00153660
279,67309352	0,00119528
279,88303209	0,00130757
280,09298307	0,00175468
280,30294645	0,00149699
280,51292225	0,00140147
280,72291045	0,00149914
280,93291105	0,00137549
281,14292405	0,00152348
281,35294946	0,00152848
281,56298726	0,00109205
281,77303746	0,00106719
281,98310005	0,00104157
282,19317504	0,00130207
282,40326242	0,00105781
282,61336218	0,00151210
282,82347434	0,00130441
283,03359888	0,00152363
283,24373581	0,00145192
283,45388513	0,00160880
283,66404682	0,00163674
283,87422089	0,00129286
284,08440735	0,00135466
284,29460618	0,00135818
284,50481738	0,00158289
284,71504096	0,00128743
284,92527691	0,00145222
285,13552524	0,00136810
285,34578593	0,00127768
285,55605898	0,00129377
285,76634441	0,00148294
285,97664220	0,00134237
286,18695234	0,00129975
286,39727486	0,00137110
286,60760972	0,00139560
286,81795695	0,00141289
287,02831653	0,00169885
287,23868847	0,00186756
287,44907276	0,00166623
287,65946940	0,00164231
287,86987839	0,00137392
288,08029973	0,00165086
288,29073341	0,00156123
288,50117944	0,00143611
288,71163781	0,00147418
288,92210852	0,00139524
289,13259157	0,00133128
289,34308696	0,00122169
289,55359468	0,00129250
289,76411474	0,00119285
289,97464713	0,00119806
290,18519186	0,00139644
290,39574891	0,00151880
290,60631829	0,00156039
290,81690000	0,00119714
291,02749403	0,00166496
291,23810038	0,00150602
291,44871906	0,00163161
291,65935006	0,00155177
291,86999337	0,00173840
292,08064900	0,00126421
292,29131695	0,00174609
292,50199721	0,00122758
292,71268978	0,00158542
292,92339466	0,00137617
293,13411185	0,00098760
293,34484135	0,00141192
293,55558315	0,00124061
293,76633726	0,00133472
293,97710366	0,00124660
294,18788237	0,00135673
294,39867338	0,00147458
294,60947668	0,00177837
294,82029228	0,00157337
295,03112017	0,00169199
295,24196036	0,00191803
295,45281283	0,00159194
295,66367760	0,00176879
295,87455465	0,00146963
296,08544398	0,00152455
296,29634560	0,00133712
296,50725951	0,00153329
296,71818569	0,00133799
296,92912415	0,00127771
297,14007489	0,00144453
297,35103791	0,00121604
297,56201320	0,00119010
297,77300076	0,00108294
297,98400059	0,00153171
298,19501270	0,00160320
298,40603707	0,00141690
298,61707370	0,00177481
298,82812260	0,00144738
299,03918377	0,00139160
299,25025719	0,00188962
299,46134287	0,00159208
299,67244082	0,00145887
299,88355101	0,00139626
300,09467347	0,00144629
300,30580817	0,00116733
300,51695513	0,00113617
300,72811433	0,00150629
300,93928579	0,00127854
301,15046949	0,00137288
301,36166543	0,00134213
301,57287362	0,00158274
301,78409405	0,00150813
301,99532672	0,00156408
302,20657163	0,00159921
302,41782877	0,00150465
302,62909815	0,00125333
302,84037977	0,00125924
303,05167361	0,00137555
303,26297968	0,00143517
303,47429799	0,00157964
303,68562852	0,00139903
303,89697127	0,00119761
304,10832625	0,00123176
304,31969345	0,00166092
304,53107287	0,00166036
304,74246451	0,00133203
304,95386837	0,00138902
305,16528444	0,00163973
305,37671272	0,00158091
305,58815322	0,00139289
305,79960593	0,00169742
306,01107085	0,00173808
306,22254797	0,00161868
306,43403730	0,00153036
306,64553883	0,00142723
306,85705257	0,00148765
307,06857851	0,00164566
307,28011664	0,00144529
307,49166698	0,00147425
307,70322950	0,00139848
307,91480423	0,00148912
308,12639114	0,00153410
308,33799025	0,00137556
308,54960154	0,00124611
308,76122503	0,00155885
308,97286070	0,00120609
309,18450855	0,00171112
309,39616859	0,00133695
309,60784080	0,00162761
309,81952520	0,00175180
310,03122177	0,00141221
310,24293053	0,00163732
310,45465145	0,00167735
310,66638455	0,00132376
310,87812982	0,00164948
311,08988726	0,00146472
311,30165686	0,00176185
311,51343864	0,00147599
311,72523258	0,00122632
311,93703868	0,00126241
312,14885694	0,00134813
312,36068736	0,00110075
312,57252994	0,00172626
312,78438468	0,00168914
312,99625158	0,00131816
313,20813062	0,00138709
313,42002182	0,00165477
313,63192517	0,00141228
313,84384066	0,00175799
314,05576831	0,00145126
314,26770809	0,00163143
314,47966002	0,00168268
314,69162410	0,00151869
314,90360031	0,00168184
315,11558866	0,00160734
315,32758915	0,00151025
315,53960178	0,00164285
315,75162654	0,00153420
315,96366343	0,00132460
316,17571245	0,00112163
316,38777360	0,00166609
316,59984688	0,00133881
316,81193228	0,00158355
317,02402980	0,00158684
317,23613945	0,00145698
317,44826122	0,00157353
317,66039511	0,00160207
317,87254112	0,00171691
318,08469924	0,00151711
318,29686948	0,00154804
318,50905182	0,00163489
318,72124628	0,00155187
318,93345285	0,00158456
319,14567153	0,00137436
319,35790231	0,00116976
319,57014520	0,00129408
319,78240019	0,00129837
319,99466728	0,00163861
320,20694647	0,00162044
320,41923775	0,00137929
320,63154114	0,00147073
320,84385662	0,00143504
321,05618419	0,00154062
321,26852385	0,00162778
321,48087560	0,00194109
321,69323944	0,00163689
321,90561537	0,00171142
322,11800338	0,00168129
322,33040347	0,00172139
322,54281565	0,00141434
322,75523991	0,00150417
322,96767624	0,00151076
323,18012465	0,00149059
323,39258514	0,00131270
323,60505770	0,00135490
323,81754233	0,00169319
324,03003903	0,00165680
324,24254780	0,00168338
324,45506863	0,00138695
324,66760153	0,00172577
324,88014650	0,00186672
325,09270352	0,00152718
325,30527261	0,00169790
325,51785376	0,00177635
325,73044696	0,00173172
325,94305222	0,00166079
326,15566953	0,00144743
326,36829889	0,00159574
326,58094031	0,00123071
326,79359377	0,00133978
327,00625928	0,00139428
327,21893683	0,00104570
327,43162643	0,00139761
327,64432808	0,00131994
327,85704176	0,00157029
328,06976748	0,00155630
328,28250524	0,00176752
328,49525503	0,00160859
328,70801686	0,00172478
328,92079073	0,00157609
329,13357662	0,00178193
329,34637454	0,00184135
329,55918449	0,00146309
329,77200646	0,00156461
329,98484046	0,00129730
330,19768649	0,00147221
330,41054453	0,00111967
330,62341459	0,00145310
330,83629667	0,00125067
331,04919077	0,00130416
331,26209688	0,00157029
331,47501500	0,00166726
331,68794514	0,00172633
331,90088729	0,00165046
332,11384144	0,00198823
332,32680760	0,00187760
332,53978576	0,00187916
332,75277593	0,00172581
332,96577810	0,00193643
333,17879227	0,00189167
333,39181844	0,00146858
333,60485660	0,00152739
333,81790676	0,00162118
334,03096891	0,00167195
334,24404305	0,00143464
334,45712919	0,00135480
334,67022731	0,00139676
334,88333742	0,00149701
335,09645951	0,00142842
335,30959359	0,00133395
335,52273965	0,00192926
335,73589769	0,00167622
335,94906771	0,00209508
336,16224970	0,00173601
336,37544367	0,00192653
336,58864962	0,00190910
336,80186753	0,00195395
337,01509742	0,00186287
337,22833928	0,00177662
337,44159310	0,00152832
337,65485889	0,00170101
337,86813664	0,00164686
338,08142636	0,00141387
338,29472803	0,00154401
338,50804167	0,00182497
338,72136726	0,00166175
338,93470481	0,00155802
339,14805431	0,00171291
339,36141576	0,00158802
339,57478917	0,00182075
339,78817452	0,00209387
340,00157183	0,00163938
340,21498107	0,00201143
340,42840227	0,00196740
340,64183540	0,00206520
340,85528048	0,00198757
341,06873749	0,00173052
341,28220645	0,00180116
341,49568734	0,00164162
341,70918016	0,00166351
341,92268492	0,00156021
342,13620161	0,00170730
342,34973023	0,00182305
342,56327077	0,00172760
342,77682325	0,00203012
342,99038764	0,00214659
343,20396396	0,00222979
343,41755221	0,00238563
343,63115237	0,00206965
343,84476445	0,00185119
344,05838844	0,00232442
344,27202436	0,00217610
344,48567218	0,00216207
344,69933192	0,00204580
344,91300356	0,00227405
345,12668712	0,00201673
345,34038258	0,00201273
345,55408995	0,00216250
345,76780922	0,00210621
345,98154039	0,00170500
346,19528346	0,00172476
346,40903844	0,00207716
346,62280530	0,00206668
346,83658407	0,00225073
347,05037472	0,00252565
347,26417727	0,00238633
347,47799171	0,00221136
347,69181804	0,00237110
347,90565626	0,00225631
348,11950636	0,00226292
348,33336835	0,00222133
348,54724221	0,00194124
348,76112796	0,00225933
348,97502559	0,00192689
349,18893510	0,00248956
349,40285648	0,00188805
349,61678973	0,00224055
349,83073486	0,00217875
350,04469186	0,00217092
350,25866073	0,00225516
350,47264146	0,00240187
350,68663406	0,00255358
350,90063853	0,00252410
351,11465486	0,00266039
351,32868305	0,00291706
351,54272309	0,00273634
351,75677500	0,00261430
351,97083876	0,00247284
352,18491438	0,00243577
352,39900185	0,00244091
352,61310117	0,00284201
352,82721234	0,00243196
353,04133536	0,00254906
353,25547023	0,00263425
353,46961694	0,00226596
353,68377549	0,00262013
353,89794589	0,00226587
354,11212812	0,00256817
354,32632220	0,00288885
354,54052810	0,00284919
354,75474585	0,00268882
354,96897543	0,00286887
355,18321684	0,00308639
355,39747008	0,00284920
355,61173514	0,00294093
355,82601204	0,00290916
356,04030076	0,00302314
356,25460130	0,00259067
356,46891367	0,00279826
356,68323785	0,00281517
356,89757386	0,00294783
357,11192168	0,00268909
357,32628132	0,00249386
357,54065277	0,00275986
357,75503603	0,00308228
357,96943110	0,00291566
358,18383799	0,00267691
358,39825667	0,00308369
358,61268717	0,00309387
358,82712947	0,00320693
359,04158357	0,00330102
359,25604947	0,00335339
359,47052717	0,00299749
359,68501667	0,00322990
359,89951796	0,00316990
360,11403105	0,00300307
360,32855593	0,00324293
360,54309260	0,00338605
360,75764106	0,00318024
360,97220131	0,00303235
361,18677335	0,00310839
361,40135716	0,00294657
361,61595276	0,00293347
361,83056015	0,00321152
362,04517931	0,00311061
362,25981025	0,00349732
362,47445296	0,00356507
362,68910745	0,00329633
362,90377372	0,00356276
363,11845175	0,00382682
363,33314156	0,00361729
363,54784313	0,00355926
363,76255647	0,00361086
363,97728157	0,00377553
364,19201844	0,00371488
364,40676706	0,00369491
364,62152745	0,00359562
364,83629960	0,00345375
365,05108350	0,00364060
365,26587916	0,00373847
365,48068657	0,00360484
365,69550573	0,00404612
365,91033664	0,00387639
366,12517931	0,00387148
366,34003371	0,00398725
366,55489987	0,00406312
366,76977776	0,00416836
366,98466740	0,00409464
367,19956878	0,00408508
367,41448190	0,00421783
367,62940675	0,00405919
367,84434334	0,00402561
368,05929167	0,00413832
368,27425172	0,00377969
368,48922351	0,00416089
368,70420702	0,00406829
368,91920226	0,00400575
369,13420923	0,00417716
369,34922792	0,00453171
369,56425834	0,00445523
369,77930047	0,00439472
369,99435433	0,00476091
370,20941990	0,00486332
370,42449718	0,00460411
370,63958618	0,00498999
370,85468690	0,00482687
371,06979932	0,00480486
371,28492345	0,00494751
371,50005930	0,00475324
371,71520684	0,00484024
371,93036609	0,00479854
372,14553705	0,00473499
372,36071970	0,00483154
372,57591406	0,00484360
372,79112011	0,00487374
373,00633786	0,00524040
373,22156730	0,00490345
373,43680844	0,00506990
373,65206127	0,00539805
373,86732578	0,00535254
374,08260199	0,00556492
374,29788988	0,00551102
374,51318946	0,00576296
374,72850072	0,00573132
374,94382366	0,00584758
375,15915828	0,00589740
375,37450458	0,00591232
375,58986255	0,00599244
375,80523220	0,00585668
376,02061353	0,00575003
376,23600652	0,00591265
376,45141119	0,00577131
376,66682752	0,00610116
376,88225552	0,00603558
377,09769519	0,00636430
377,31314652	0,00645077
377,52860951	0,00657713
377,74408416	0,00646818
377,95957047	0,00667814
378,17506844	0,00655031
378,39057806	0,00688242
378,60609934	0,00696866
378,82163227	0,00690941
379,03717684	0,00706387
379,25273307	0,00740187
379,46830095	0,00727627
379,68388047	0,00715493
379,89947163	0,00726860
380,11507444	0,00737789
380,33068889	0,00757303
380,54631497	0,00770581
380,76195270	0,00751186
380,97760206	0,00753877
381,19326305	0,00820805
381,40893568	0,00825490
381,62461993	0,00803749
381,84031582	0,00804034
382,05602333	0,00831143
382,27174247	0,00842563
382,48747324	0,00840656
382,70321563	0,00842272
382,91896963	0,00864719
383,13473526	0,00840484
383,35051251	0,00888343
383,56630137	0,00896377
383,78210185	0,00905031
383,99791393	0,00862886
384,21373763	0,00867646
384,42957294	0,00910645
384,64541986	0,00891607
384,86127839	0,00936525
385,07714852	0,00932435
385,29303025	0,00916695
385,50892358	0,00957699
385,72482852	0,00974273
385,94074505	0,00969627
386,15667318	0,00986477
386,37261290	0,00973146
386,58856422	0,01005565
386,80452712	0,00996164
387,02050162	0,01004526
387,23648771	0,01016481
387,45248538	0,01004533
387,66849464	0,01041828
387,88451548	0,01047213
388,10054791	0,01071849
388,31659191	0,01056428
388,53264750	0,01074284
388,74871466	0,01108227
388,96479339	0,01094570
389,18088370	0,01132956
389,39698558	0,01131934
389,61309904	0,01143091
389,82922406	0,01131429
390,04536064	0,01124540
390,26150880	0,01143454
390,47766851	0,01134400
390,69383979	0,01139878
390,91002263	0,01193606
391,12621703	0,01172921
391,34242299	0,01179314
391,55864050	0,01195114
391,77486957	0,01222000
391,99111019	0,01218505
392,20736236	0,01244106
392,42362608	0,01226131
392,63990135	0,01263100
392,85618816	0,01293826
393,07248652	0,01282810
393,28879642	0,01304140
393,50511786	0,01324443
393,72145084	0,01335687
393,93779536	0,01368423
394,15415141	0,01322057
394,37051900	0,01381400
394,58689812	0,01373540
394,80328877	0,01398246
395,01969096	0,01417420
395,23610467	0,01428803
395,45252991	0,01404812
395,66896667	0,01443495
395,88541495	0,01456836
396,10187476	0,01496530
396,31834609	0,01475575
396,53482893	0,01521413
396,75132329	0,01553347
396,96782917	0,01526026
397,18434656	0,01562320
397,40087546	0,01571919
397,61741587	0,01559233
397,83396779	0,01576795
398,05053122	0,01595906
398,26710615	0,01601314
398,48369258	0,01613259
398,70029052	0,01641379
398,91689996	0,01634983
399,13352089	0,01651134
399,35015333	0,01641263
399,56679726	0,01687645
399,78345268	0,01699091
400,00011959	0,01724443
400,21679800	0,01755969
400,43348789	0,01746416
400,65018927	0,01764853
400,86690214	0,01751299
401,08362649	0,01789863
401,30036232	0,01815228
401,51710963	0,01842884
401,73386843	0,01811294
401,95063870	0,01837123
402,16742044	0,01849652
402,38421366	0,01832721
402,60101835	0,01856562
402,81783452	0,01869063
403,03466215	0,01904134
403,25150125	0,01913670
403,46835181	0,01906265
403,68521384	0,01926145
403,90208734	0,01935311
404,11897229	0,01966155
404,33586870	0,01993580
404,55277658	0,02021793
404,76969590	0,02007402
404,98662668	0,02037667
405,20356892	0,02022586
405,42052261	0,02040786
405,63748774	0,02052057
405,85446433	0,02083109
406,07145236	0,02103886
406,28845183	0,02081004
406,50546275	0,02110002
406,72248511	0,02101175
406,93951891	0,02145228
407,15656415	0,02123254
407,37362082	0,02168417
407,59068893	0,02211120
407,80776847	0,02219239
408,02485945	0,02203428
408,24196185	0,02204604
408,45907568	0,02243170
408,67620094	0,02262180
408,89333763	0,02260785
409,11048573	0,02286373
409,32764526	0,02308260
409,54481621	0,02325331
409,76199858	0,02311816
409,97919237	0,02359795
410,19639757	0,02384381
410,41361419	0,02383476
410,63084221	0,02397515
410,84808165	0,02398007
411,06533250	0,02445368
411,28259475	0,02449441
411,49986841	0,02459836
411,71715347	0,02508054
411,93444994	0,02512913
412,15175780	0,02519639
412,36907707	0,02528594
412,58640773	0,02543877
412,80374979	0,02567081
413,02110324	0,02563768
413,23846809	0,02581204
413,45584432	0,02599052
413,67323195	0,02629536
413,89063096	0,02654609
414,10804136	0,02681512
414,32546314	0,02675381
414,54289631	0,02720879
414,76034086	0,02737879
414,97779678	0,02739667
415,19526409	0,02747975
415,41274277	0,02785325
415,63023282	0,02793065
415,84773425	0,02816216
416,06524705	0,02816617
416,28277122	0,02866361
416,50030675	0,02913858
416,71785366	0,02931933
416,93541192	0,02944413
417,15298155	0,02980573
417,37056255	0,02928766
417,58815490	0,02962871
417,80575861	0,03021449
418,02337368	0,03003458
418,24100010	0,03055804
418,45863787	0,03103309
418,67628700	0,03108457
418,89394748	0,03134611
419,11161930	0,03145280
419,32930248	0,03203861
419,54699699	0,03165945
419,76470285	0,03221621
419,98242006	0,03195614
420,20014860	0,03226458
420,41788848	0,03266585
420,63563970	0,03271810
420,85340226	0,03252368
421,07117614	0,03275229
421,28896136	0,03312862
421,50675791	0,03357153
421,72456579	0,03376340
421,94238500	0,03405480
422,16021553	0,03467490
422,37805739	0,03411245
422,59591057	0,03494054
422,81377506	0,03473382
423,03165088	0,03503890
423,24953802	0,03543554
423,46743647	0,03570665
423,68534623	0,03587280
423,90326731	0,03574591
424,12119970	0,03608767
424,33914340	0,03590973
424,55709840	0,03663792
424,77506472	0,03658068
424,99304233	0,03674693
425,21103125	0,03692426
425,42903147	0,03732790
425,64704299	0,03742740
425,86506581	0,03730436
426,08309992	0,03763078
426,30114533	0,03797792
426,51920203	0,03864757
426,73727002	0,03841452
426,95534930	0,03918613
427,17343987	0,03959830
427,39154173	0,03951281
427,60965487	0,03974288
427,82777929	0,04009502
428,04591499	0,04005674
428,26406198	0,03996102
428,48222024	0,04027112
428,70038978	0,04081175
428,91857060	0,04084414
429,13676269	0,04119257
429,35496605	0,04179272
429,57318068	0,04179632
429,79140657	0,04173668
430,00964374	0,04239000
430,22789217	0,04300519
430,44615186	0,04328495
430,66442282	0,04322025
430,88270503	0,04374912
431,10099851	0,04393464
431,31930324	0,04486771
431,53761923	0,04470157
431,75594647	0,04504090
431,97428496	0,04531860
432,19263470	0,04506025
432,41099570	0,04512045
432,62936794	0,04546367
432,84775142	0,04577478
433,06614615	0,04615357
433,28455212	0,04638349
433,50296933	0,04687242
433,72139778	0,04687296
433,93983747	0,04704071
434,15828840	0,04738695
434,37675055	0,04770639
434,59522394	0,04817793
434,81370857	0,04847158
435,03220442	0,04876993
435,25071149	0,04892866
435,46922980	0,04926370
435,68775933	0,04975995
435,90630008	0,04928459
436,12485205	0,04971486
436,34341524	0,05003403
436,56198965	0,05029247
436,78057528	0,05082060
436,99917212	0,05118839
437,21778017	0,05140103
437,43639944	0,05184342
437,65502991	0,05207103
437,87367159	0,05203567
438,09232448	0,05290829
438,31098858	0,05322682
438,52966387	0,05355470
438,74835037	0,05372607
438,96704807	0,05453130
439,18575696	0,05467162
439,40447706	0,05527304
439,62320834	0,05550726
439,84195083	0,05600888
440,06070450	0,05618736
440,27946936	0,05674284
440,49824541	0,05697181
440,71703265	0,05707212
440,93583107	0,05752992
441,15464068	0,05738679
441,37346147	0,05773678
441,59229344	0,05850810
441,81113658	0,05812652
442,02999091	0,05922672
442,24885641	0,05894887
442,46773308	0,05927110
442,68662093	0,06034109
442,90551994	0,06066893
443,12443013	0,06056929
443,34335148	0,06115774
443,56228400	0,06160072
443,78122768	0,06112214
444,00018252	0,06202901
444,21914853	0,06209983
444,43812569	0,06190367
444,65711401	0,06254284
444,87611349	0,06260479
445,09512412	0,06322205
445,31414590	0,06300459
445,53317884	0,06367373
445,75222292	0,06369891
445,97127815	0,06424957
446,19034453	0,06424537
446,40942205	0,06461443
446,62851072	0,06483789
446,84761052	0,06478439
447,06672147	0,06535525
447,28584355	0,06533735
447,50497677	0,06533532
447,72412112	0,06595964
447,94327661	0,06573395
448,16244322	0,06649263
448,38162097	0,06656506
448,60080985	0,06682822
448,82000985	0,06775211
449,03922097	0,06757673
449,25844322	0,06769667
449,47767659	0,06871998
449,69692108	0,06871076
449,91617669	0,06890151
450,13544342	0,06922247
450,35472126	0,06976505
450,57401021	0,07008418
450,79331028	0,07026938
451,01262145	0,07055109
451,23194374	0,07090939
451,45127713	0,07088969
451,67062162	0,07128729
451,88997722	0,07145563
452,10934392	0,07167011
452,32872173	0,07221506
452,54811063	0,07262253
452,76751062	0,07350568
452,98692172	0,07421841
453,20634390	0,07410667
453,42577718	0,07463322
453,64522155	0,07529390
453,86467701	0,07571660
454,08414355	0,07582517
454,30362118	0,07602088
454,52310990	0,07643760
454,74260969	0,07727650
454,96212057	0,07727665
455,18164253	0,07769136
455,40117556	0,07802377
455,62071967	0,07853227
455,84027485	0,07856169
456,05984111	0,07904603
456,27941844	0,07958150
456,49900683	0,08010824
456,71860630	0,08055016
456,93821683	0,08136079
457,15783842	0,08190255
457,37747108	0,08265747
457,59711480	0,08284477
457,81676957	0,08348249
458,03643541	0,08423579
458,25611230	0,08446441
458,47580025	0,08510406
458,69549924	0,08546434
458,91520929	0,08574709
459,13493039	0,08677629
459,35466254	0,08738046
459,57440574	0,08695725
459,79415998	0,08818948
460,01392526	0,08859676
460,23370158	0,08918522
460,45348894	0,08991957
460,67328735	0,09058851
460,89309678	0,09090222
461,11291726	0,09233173
461,33274876	0,09307719
461,55259130	0,09350558
461,77244487	0,09426663
461,99230947	0,09492077
462,21218509	0,09528121
462,43207174	0,09562706
462,65196941	0,09606325
462,87187811	0,09636767
463,09179782	0,09668169
463,31172855	0,09749338
463,53167030	0,09769287
463,75162307	0,09806415
463,97158685	0,09946565
464,19156164	0,10007177
464,41154744	0,10067481
464,63154425	0,10171038
464,85155207	0,10260661
465,07157089	0,10337909
465,29160072	0,10421131
465,51164155	0,10463749
465,73169338	0,10505885
465,95175621	0,10568109
466,17183003	0,10621341
466,39191486	0,10703521
466,61201067	0,10728642
466,83211748	0,10800453
467,05223528	0,10898043
467,27236407	0,10885730
467,49250385	0,10933538
467,71265461	0,10999372
467,93281636	0,11066083
468,15298909	0,11106030
468,37317280	0,11253661
468,59336749	0,11324744
468,81357315	0,11370176
469,03378980	0,11407624
469,25401742	0,11550114
469,47425601	0,11619841
469,69450557	0,11678671
469,91476610	0,11739849
470,13503760	0,11761289
470,35532007	0,11827586
470,57561350	0,11853917
470,79591790	0,11930893
471,01623325	0,11964076
471,23655957	0,12003765
471,45689684	0,12001343
471,67724508	0,12083053
471,89760426	0,12106167
472,11797440	0,12123136
472,33835549	0,12155035
472,55874753	0,12201870
472,77915052	0,12218832
472,99956446	0,12314380
473,21998934	0,12334652
473,44042516	0,12368817
473,66087193	0,12445912
473,88132964	0,12544072
474,10179828	0,12496820
474,32227787	0,12597588
474,54276838	0,12690922
474,76326984	0,12720091
474,98378222	0,12794364
475,20430553	0,12786830
475,42483978	0,12919894
475,64538495	0,12942587
475,86594104	0,13018551
476,08650806	0,13085346
476,30708601	0,13046809
476,52767487	0,13091066
476,74827465	0,13142737
476,96888535	0,13213130
477,18950696	0,13286957
477,41013949	0,13411000
477,63078294	0,13439872
477,85143729	0,13419468
478,07210255	0,13490782
478,29277872	0,13487155
478,51346579	0,13534824
478,73416377	0,13491780
478,95487266	0,13439606
479,17559244	0,13598200
479,39632312	0,13584745
479,61706470	0,13580618
479,83781718	0,13694815
480,05858055	0,13775527
480,27935482	0,13871542
480,50013997	0,14005144
480,72093602	0,14073648
480,94174295	0,14207378
481,16256077	0,14209311
481,38338947	0,14378214
481,60422906	0,14366806
481,82507953	0,14452792
482,04594088	0,14437376
482,26681311	0,14494745
482,48769621	0,14558181
482,70859019	0,14532776
482,92949504	0,14566838
483,15041077	0,14601853
483,37133736	0,14731098
483,59227482	0,14807075
483,81322315	0,14873347
484,03418234	0,15013441
484,25515240	0,15088070
484,47613332	0,15118332
484,69712510	0,15248763
484,91812774	0,15277293
485,13914123	0,15311794
485,36016559	0,15373409
485,58120079	0,15423069
485,80224685	0,15475307
486,02330375	0,15531051
486,24437151	0,15610264
486,46545011	0,15618928
486,68653956	0,15763230
486,90763985	0,15843485
487,12875099	0,15915643
487,34987296	0,15983449
487,57100578	0,16080884
487,79214943	0,16178101
488,01330392	0,16263967
488,23446924	0,16354197
488,45564539	0,16453311
488,67683238	0,16569825
488,89803019	0,16622785
489,11923884	0,16799586
489,34045830	0,16863223
489,56168860	0,16902501
489,78292971	0,17023081
490,00418165	0,17133793
490,22544440	0,17142445
490,44671798	0,17287968
490,66800237	0,17350692
490,88929757	0,17473333
491,11060359	0,17550316
491,33192042	0,17597348
491,55324805	0,17706037
491,77458650	0,17748395
491,99593575	0,17822022
492,21729581	0,17858097
492,43866667	0,17988303
492,66004833	0,18029089
492,88144079	0,18209120
493,10284405	0,18309489
493,32425811	0,18478741
493,54568296	0,18556243
493,76711860	0,18708954
493,98856504	0,18775725
494,21002227	0,18941864
494,43149028	0,19034433
494,65296908	0,19181173
494,87445867	0,19216159
495,09595904	0,19261003
495,31747019	0,19387107
495,53899213	0,19436595
495,76052484	0,19508880
495,98206832	0,19492442
496,20362259	0,19570233
496,42518762	0,19630966
496,64676343	0,19706357
496,86835001	0,19813522
497,08994736	0,19917457
497,31155548	0,20047815
497,53317436	0,20142874
497,75480400	0,20263028
497,97644441	0,20327999
498,19809558	0,20412557
498,41975751	0,20566869
498,64143019	0,20575175
498,86311363	0,20699738
499,08480783	0,20773419
499,30651277	0,20859545
499,52822847	0,20930474
499,74995492	0,21048023
499,97169211	0,21170557
500,19344005	0,21266791
500,41519874	0,21370662
500,63696817	0,21405409
500,85874834	0,21503471
501,08053924	0,21510030
501,30234089	0,21468957
501,52415327	0,21531678
501,74597639	0,21570105
501,96781024	0,21643355
502,18965482	0,21688524
502,41151013	0,21777014
502,63337617	0,21827768
502,85525293	0,21974515
503,07714042	0,22087279
503,29903864	0,22120734
503,52094757	0,22279986
503,74286723	0,22270371
503,96479760	0,22299936
504,18673869	0,22364931
504,40869049	0,22446817
504,63065301	0,22499927
504,85262624	0,22657672
505,07461018	0,22856226
505,29660482	0,22896557
505,51861018	0,23126646
505,74062624	0,23160882
505,96265300	0,23320506
506,18469047	0,23425785
506,40673863	0,23429480
506,62879749	0,23527330
506,85086706	0,23679038
507,07294731	0,23678880
507,29503826	0,23717246
507,51713990	0,23778357
507,73925224	0,23796442
507,96137526	0,23808503
508,18350897	0,23939707
508,40565336	0,23974826
508,62780844	0,24039015
508,84997420	0,24138714
509,07215064	0,24329513
509,29433776	0,24393663
509,51653556	0,24448957
509,73874403	0,24552240
509,96096318	0,24642982
510,18319300	0,24650858
510,40543349	0,24754803
510,62768465	0,24824845
510,84994647	0,24921690
511,07221897	0,24942369
511,29450212	0,25057289
511,51679594	0,25135729
511,73910043	0,25245777
511,96141557	0,25342840
512,18374137	0,25458805
512,40607782	0,25589112
512,62842493	0,25640372
512,85078269	0,25734403
513,07315111	0,25799844
513,29553017	0,25832070
513,51791988	0,25906455
513,74032024	0,25966753
513,96273124	0,26022480
514,18515289	0,26087029
514,40758517	0,26096571
514,63002810	0,26092878
514,85248167	0,26143629
515,07494587	0,26270144
515,29742070	0,26371265
515,51990617	0,26442663
515,74240228	0,26723796
515,96490901	0,26815752
516,18742637	0,26911432
516,40995435	0,27006738
516,63249297	0,27019842
516,85504220	0,27018762
517,07760206	0,27169369
517,30017254	0,27133994
517,52275363	0,27269067
517,74534535	0,27233674
517,96794768	0,27404262
518,19056062	0,27603473
518,41318417	0,27677257
518,63581834	0,27838332
518,85846311	0,27919372
519,08111849	0,28027115
519,30378448	0,28009267
519,52646107	0,28055043
519,74914826	0,28166232
519,97184606	0,28146385
520,19455445	0,28206022
520,41727344	0,28237968
520,64000302	0,28412724
520,86274320	0,28491902
521,08549398	0,28666567
521,30825534	0,28725427
521,53102729	0,28702582
521,75380983	0,28806120
521,97660296	0,28800339
522,19940667	0,28825057
522,42222096	0,28873725
522,64504584	0,28915606
522,86788129	0,29123232
523,09072732	0,29272548
523,31358393	0,29469689
523,53645111	0,29670400
523,75932887	0,29779056
523,98221719	0,29962719
524,20511609	0,30077195
524,42802555	0,30189411
524,65094558	0,30363734
524,87387618	0,30431104
525,09681734	0,30508154
525,31976905	0,30515885
525,54273133	0,30529844
525,76570417	0,30750269
525,98868757	0,30781478
526,21168152	0,30875262
526,43468602	0,31062607
526,65770107	0,30994312
526,88072668	0,31141095
527,10376283	0,31221659
527,32680953	0,31363788
527,54986677	0,31430200
527,77293456	0,31656692
527,99601289	0,31841244
528,21910176	0,31934274
528,44220117	0,32155727
528,66531112	0,32433709
528,88843160	0,32469384
529,11156261	0,32609179
529,33470416	0,32717138
529,55785624	0,32756903
529,78101885	0,32852258
530,00419198	0,32896301
530,22737564	0,32932817
530,45056982	0,32824477
530,67377453	0,32910133
530,89698975	0,32905177
531,12021550	0,32960164
531,34345176	0,33039063
531,56669854	0,33096459
531,78995583	0,33204344
532,01322364	0,33250200
532,23650195	0,33393422
532,45979078	0,33447196
532,68309011	0,33458563
532,90639995	0,33560014
533,12972029	0,33580350
533,35305114	0,33713923
533,57639248	0,33731445
533,79974433	0,33896416
534,02310667	0,34014542
534,24647951	0,34232056
534,46986285	0,34352704
534,69325668	0,34491380
534,91666100	0,34616510
535,14007580	0,34712953
535,36350110	0,34800765
535,58693688	0,34874073
535,81038315	0,35032245
536,03383990	0,35205505
536,25730713	0,35296059
536,48078485	0,35443029
536,70427304	0,35703884
536,92777170	0,35736787
537,15128085	0,35864513
537,37480046	0,35934651
537,59833055	0,36050334
537,82187110	0,36142639
538,04542213	0,36328180
538,26898362	0,36396061
538,49255558	0,36522479
538,71613800	0,36693751
538,93973088	0,36722983
539,16333423	0,36809487
539,38694803	0,36800815
539,61057229	0,36890695
539,83420700	0,36860671
540,05785217	0,36999326
540,28150779	0,37114095
540,50517386	0,37092806
540,72885038	0,37223725
540,95253734	0,37373138
541,17623475	0,37478910
541,39994261	0,37635793
541,62366091	0,37787912
541,84738965	0,37865042
542,07112883	0,37982427
542,29487844	0,38250014
542,51863849	0,38233663
542,74240898	0,38311272
542,96618989	0,38400649
543,18998124	0,38514755
543,41378302	0,38556680
543,63759523	0,38644514
543,86141786	0,38673467
544,08525091	0,38788012
544,30909439	0,38873788
544,53294829	0,38976792
544,75681261	0,39083281
544,98068734	0,39284652
545,20457250	0,39391629
545,42846807	0,39642367
545,65237405	0,39721701
545,87629044	0,39936646
546,10021724	0,40051796
546,32415445	0,40217941
546,54810206	0,40330682
546,77206008	0,40445217
546,99602851	0,40520142
547,22000733	0,40703500
547,44399656	0,40809495
547,66799618	0,40996905
547,89200620	0,41079845
548,11602661	0,41100519
548,34005742	0,41111135
548,56409862	0,41197408
548,78815021	0,41131428
549,01221219	0,41203799
549,23628455	0,41290704
549,46036730	0,41355885
549,68446044	0,41592492
549,90856395	0,41896177
550,13267785	0,41978388
550,35680212	0,42287528
550,58093677	0,42510908
550,80508180	0,42740064
551,02923720	0,42961899
551,25340297	0,43124737
551,47757911	0,43139951
551,70176563	0,43121556
551,92596250	0,43249619
552,15016975	0,43321488
552,37438736	0,43307069
552,59861533	0,43420676
552,82285366	0,43593452
553,04710235	0,43812151
553,27136140	0,43914865
553,49563080	0,44174280
553,71991056	0,44366428
553,94420067	0,44585939
554,16850113	0,44845684
554,39281194	0,45034261
554,61713310	0,45125709
554,84146460	0,45348335
555,06580645	0,45416977
555,29015864	0,45673430
555,51452117	0,45724830
555,73889404	0,45857271
555,96327725	0,45907700
556,18767080	0,46093148
556,41207468	0,46162359
556,63648889	0,46218337
556,86091343	0,46369395
557,08534831	0,46377189
557,30979351	0,46440409
557,53424904	0,46570606
557,75871489	0,46506770
557,98319107	0,46704572
558,20767756	0,46827892
558,43217438	0,47006555
558,65668152	0,47082364
558,88119897	0,47321303
559,10572674	0,47286613
559,33026482	0,47344453
559,55481321	0,47365345
559,77937191	0,47632701
560,00394092	0,47726320
560,22852024	0,48027649
560,45310986	0,48256192
560,67770979	0,48535455
560,90232001	0,48814821
561,12694054	0,49108427
561,35157137	0,49341737
561,57621249	0,49618073
561,80086391	0,49693406
562,02552563	0,49934191
562,25019763	0,50057401
562,47487993	0,50198129
562,69957251	0,50240846
562,92427538	0,50377732
563,14898854	0,50512771
563,37371198	0,50697119
563,59844570	0,50784897
563,82318971	0,51068787
564,04794399	0,51105085
564,27270855	0,51161411
564,49748339	0,51339247
564,72226850	0,51513030
564,94706388	0,51561041
565,17186953	0,51691135
565,39668545	0,51749610
565,62151164	0,51921183
565,84634810	0,52001961
566,07119482	0,52023752
566,29605181	0,52209196
566,52091905	0,52249114
566,74579655	0,52306892
566,97068432	0,52516136
567,19558233	0,52521989
567,42049061	0,52481734
567,64540913	0,52612653
567,87033791	0,52672190
568,09527693	0,52711233
568,32022621	0,52962611
568,54518573	0,53001429
568,77015549	0,53190165
568,99513550	0,53249685
569,22012575	0,53272101
569,44512624	0,53400225
569,67013697	0,53526943
569,89515794	0,53530676
570,12018913	0,53627060
570,34523057	0,53688316
570,57028223	0,53789699
570,79534413	0,53852709
571,02041625	0,53949281
571,24549860	0,54009406
571,47059117	0,54154669
571,69569397	0,54322925
571,92080699	0,54380988
572,14593023	0,54432463
572,37106369	0,54663376
572,59620737	0,54710917
572,82136126	0,54865855
573,04652537	0,55128266
573,27169968	0,55166242
573,49688421	0,55448152
573,72207895	0,55551046
573,94728389	0,55724019
574,17249904	0,55732513
574,39772440	0,55875484
574,62295995	0,55748444
574,84820571	0,55852518
575,07346166	0,55857398
575,29872782	0,56009134
575,52400416	0,55895798
575,74929071	0,56128322
575,97458744	0,56288850
576,19989437	0,56437120
576,42521148	0,56486962
576,65053879	0,56716827
576,87587628	0,56864377
577,10122395	0,56985136
577,32658181	0,57137085
577,55194984	0,57180852
577,77732806	0,57244177
578,00271645	0,57378924
578,22811502	0,57268933
578,45352377	0,57286743
578,67894269	0,57064325
578,90437178	0,57250399
579,12981103	0,57063219
579,35526046	0,57271703
579,58072005	0,57238631
579,80618981	0,57502225
580,03166973	0,57553582
580,25715982	0,57773875
580,48266006	0,57781926
580,70817046	0,58030211
580,93369102	0,58214036
581,15922173	0,58380995
581,38476259	0,58384908
581,61031361	0,58585077
581,83587478	0,58624477
582,06144609	0,58726383
582,28702756	0,58612829
582,51261916	0,58728326
582,73822091	0,58690958
582,96383281	0,58769953
583,18945484	0,58671992
583,41508701	0,58756874
583,64072932	0,58588003
583,86638176	0,58719847
584,09204434	0,58774025
584,31771705	0,58904544
584,54339989	0,58938719
584,76909286	0,59142092
584,99479596	0,59310194
585,22050918	0,59515571
585,44623253	0,59712666
585,67196599	0,59929598
585,89770958	0,60025263
586,12346329	0,60259674
586,34922712	0,60412400
586,57500106	0,60543570
586,80078511	0,60642949
587,02657928	0,60588711
587,25238356	0,60491583
587,47819795	0,60507382
587,70402244	0,60336736
587,92985704	0,60379766
588,15570175	0,60219164
588,38155656	0,60281476
588,60742147	0,60233740
588,83329648	0,60338526
589,05918158	0,60402730
589,28507679	0,60528857
589,51098208	0,60570752
589,73689747	0,60822383
589,96282296	0,60884851
590,18875853	0,61033802
590,41470419	0,61123725
590,64065993	0,61319157
590,86662576	0,61431403
591,09260168	0,61623903
591,31858767	0,61786719
591,54458375	0,62200407
591,77058990	0,62283042
591,99660613	0,62537956
592,22263243	0,62670522
592,44866881	0,62999207
592,67471526	0,62861566
592,90077178	0,62978583
593,12683837	0,63096616
593,35291502	0,63365300
593,57900174	0,63277522
593,80509853	0,63427673
594,03120537	0,63604143
594,25732228	0,63859213
594,48344924	0,63881937
594,70958626	0,64101469
594,93573334	0,64214247
595,16189047	0,64613169
595,38805765	0,64726359
595,61423489	0,64895064
595,84042217	0,65045077
596,06661950	0,65382254
596,29282687	0,65412258
596,51904429	0,65700335
596,74527175	0,65722700
596,97150925	0,66126553
597,19775679	0,66130331
597,42401437	0,66443795
597,65028198	0,66484225
597,87655963	0,66913807
598,10284731	0,66978959
598,32914502	0,67127375
598,55545276	0,67160609
598,78177053	0,67489039
599,00809832	0,67569623
599,23443614	0,67759680
599,46078398	0,67715890
599,68714185	0,67933765
599,91350973	0,67947078
600,13988763	0,68267706
600,36627554	0,68312191
600,59267347	0,68469986
600,81908141	0,68530074
601,04549937	0,68612697
601,27192733	0,68537083
601,49836530	0,68642352
601,72481328	0,68656406
601,95127127	0,68565808
602,17773925	0,68420103
602,40421724	0,68497164
602,63070523	0,68295850
602,85720321	0,68344728
603,08371119	0,68234374
603,31022917	0,68434215
603,53675714	0,68198862
603,76329510	0,68284793
603,98984306	0,68246136
604,21640100	0,68263577
604,44296892	0,68100386
604,66954684	0,68213943
604,89613473	0,68043309
605,12273261	0,68235981
605,34934047	0,68191118
605,57595830	0,68227434
605,80258612	0,68300661
606,02922391	0,68627366
606,25587167	0,68503645
606,48252941	0,68795536
606,70919711	0,68938260
606,93587478	0,69179258
607,16256243	0,69218828
607,38926003	0,69391093
607,61596760	0,69294414
607,84268514	0,69372127
608,06941263	0,69173619
608,29615008	0,69151299
608,52289749	0,68864824
608,74965486	0,68976486
608,97642218	0,68781505
609,20319945	0,68949507
609,42998668	0,68924667
609,65678385	0,69230531
609,88359097	0,69299526
610,11040804	0,69804381
610,33723505	0,69945037
610,56407200	0,70251986
610,79091889	0,70377247
611,01777573	0,70747238
611,24464250	0,70921236
611,47151921	0,71128735
611,69840585	0,71076526
611,92530243	0,71319894
612,15220893	0,71375564
612,37912537	0,71613305
612,60605173	0,71599035
612,83298802	0,71837858
613,05993424	0,71872185
613,28689038	0,72123068
613,51385644	0,72089029
613,74083242	0,72273175
613,96781832	0,72350592
614,19481413	0,72496390
614,42181986	0,72534854
614,64883550	0,72756691
614,87586106	0,72599016
615,10289652	0,72803627
615,32994189	0,72604121
615,55699717	0,72726434
615,78406236	0,72690793
616,01113745	0,72757293
616,23822244	0,72481373
616,46531733	0,72432905
616,69242212	0,72239469
616,91953680	0,72170405
617,14666139	0,72000182
617,37379586	0,72204005
617,60094023	0,72105838
617,82809449	0,72282092
618,05525863	0,72134982
618,28243267	0,72332965
618,50961659	0,72274506
618,73681039	0,72361772
618,96401407	0,72241442
619,19122764	0,72483440
619,41845109	0,72455492
619,64568441	0,72711337
619,87292761	0,72684856
620,10018068	0,72855602
620,32744363	0,72766278
620,55471644	0,72980510
620,78199913	0,72788100
621,00929168	0,73146307
621,23659410	0,73044738
621,46390638	0,73338803
621,69122853	0,73334392
621,91856053	0,73602692
622,14590240	0,73573503
622,37325412	0,73744041
622,60061570	0,73659743
622,82798714	0,73785742
623,05536843	0,73618683
623,28275957	0,73883122
623,51016056	0,73644926
623,73757139	0,73836071
623,96499207	0,73713745
624,19242260	0,74084317
624,41986297	0,74031861
624,64731319	0,74147812
624,87477324	0,74038756
625,10224313	0,74114042
625,32972286	0,73782537
625,55721242	0,73992382
625,78471181	0,73950802
626,01222104	0,74092530
626,23974010	0,73907846
626,46726898	0,74006527
626,69480769	0,74021123
626,92235623	0,74236134
627,14991459	0,73952534
627,37748278	0,74964378
627,60506078	0,74498680
627,83264860	0,74477710
628,06024624	0,75146389
628,28785369	0,74583390
628,51547096	0,76208502
628,74309804	0,75083303
628,97073493	0,75238067
629,19838163	0,76157150
629,42603814	0,77111363
629,65370445	0,76531136
629,88138056	0,75519384
630,10906648	0,76020956
630,33676220	0,75285003
630,56446772	0,75402145
630,79218303	0,75945168
631,01990814	0,76300914
631,24764305	0,75728348
631,47538775	0,75542286
631,70314224	0,75746865
631,93090651	0,76137645
632,15868058	0,75796418
632,38646443	0,75845617
632,61425806	0,75515300
632,84206148	0,75432709
633,06987468	0,74670655
633,29769766	0,75050121
633,52553042	0,74608914
633,75337295	0,74037426
633,98122526	0,75298543
634,20908734	0,75034059
634,43695919	0,75789039
634,66484081	0,77246366
634,89273220	0,77154340
635,12063336	0,78034792
635,34854428	0,76809714
635,57646496	0,76767374
635,80439540	0,76511687
636,03233561	0,76349082
636,26028557	0,76106487
636,48824529	0,76807002
636,71621476	0,76458641
636,94419399	0,76061785
637,17218297	0,76331691
637,40018170	0,77050365
637,62819018	0,76789972
637,85620840	0,76820567
638,08423637	0,76946830
638,31227409	0,76546902
638,54032154	0,76858935
638,76837874	0,75561617
638,99644567	0,76289625
639,22452234	0,76055547
639,45260875	0,75251867
639,68070489	0,75182068
639,90881076	0,75418272
640,13692636	0,74740395
640,36505170	0,73868010
640,59318675	0,74110048
640,82133154	0,73066175
641,04948605	0,73901064
641,27765028	0,74001862
641,50582423	0,73522619
641,73400790	0,73373275
641,96220129	0,73170530
642,19040439	0,73439584
642,41861721	0,73064307
642,64683974	0,73530454
642,87507198	0,73282850
643,10331393	0,73453899
643,33156559	0,73328089
643,55982695	0,73392178
643,78809802	0,73321145
644,01637879	0,73397210
644,24466926	0,73061823
644,47296943	0,73274411
644,70127930	0,72965550
644,92959886	0,73089316
645,15792812	0,72896885
645,38626708	0,73090202
645,61461572	0,72936757
645,84297405	0,73183937
646,07134208	0,72966344
646,29971978	0,73258522
646,52810718	0,73087458
646,75650425	0,73327305
646,98491101	0,73092700
647,21332745	0,73276914
647,44175356	0,72984296
647,67018935	0,73073634
647,89863482	0,72617515
648,12708996	0,72635312
648,35555477	0,72231197
648,58402925	0,72296575
648,81251340	0,71920035
649,04100722	0,72106068
649,26951070	0,71742813
649,49802385	0,71887986
649,72654666	0,71590752
649,95507912	0,71995428
650,18362125	0,71806470
650,41217303	0,71943590
650,64073447	0,71940864
650,86930557	0,72236156
651,09788631	0,72114475
651,32647670	0,72428365
651,55507675	0,72391156
651,78368644	0,72624738
652,01230578	0,72594615
652,24093476	0,72946867
652,46957338	0,72796081
652,69822164	0,73193739
652,92687955	0,72948897
653,15554709	0,73412368
653,38422426	0,73276484
653,61291107	0,73702109
653,84160751	0,73703930
654,07031359	0,74211009
654,29902929	0,74294437
654,52775462	0,74781827
654,75648958	0,74784603
654,98523416	0,75251906
655,21398836	0,75127075
655,44275218	0,75379572
655,67152563	0,75198430
655,90030869	0,75418662
656,12910136	0,75240958
656,35790366	0,75385329
656,58671556	0,75335392
656,81553708	0,75650140
657,04436820	0,75474478
657,27320894	0,75850480
657,50205928	0,75541723
657,73091922	0,75783545
657,95978877	0,75596025
658,18866792	0,75941475
658,41755667	0,75708518
658,64645502	0,75915190
658,87536296	0,75681823
659,10428050	0,75905233
659,33320763	0,75875951
659,56214436	0,76022149
659,79109067	0,75654963
660,02004657	0,75829294
660,24901206	0,75611433
660,47798714	0,75896626
660,70697180	0,75662321
660,93596604	0,75962217
661,16496986	0,75842631
661,39398326	0,76052960
661,62300623	0,75770108
661,85203878	0,76147443
662,08108091	0,75975525
662,31013260	0,76199179
662,53919387	0,76170874
662,76826471	0,76468825
662,99734511	0,76393275
663,22643508	0,76759107
663,45553461	0,76763822
663,68464371	0,77229226
663,91376236	0,77075572
664,14289058	0,77637087
664,37202835	0,77611857
664,60117568	0,78039744
664,83033256	0,77953038
665,05949900	0,78512551
665,28867498	0,78312797
665,51786052	0,78625034
665,74705560	0,78406761
665,97626023	0,78457293
666,20547440	0,78125480
666,43469812	0,78164471
666,66393137	0,77768130
666,89317417	0,78060545
667,12242650	0,77577056
667,35168837	0,77634588
667,58095978	0,77283172
667,81024071	0,77447718
668,03953118	0,77093492
668,26883118	0,77207426
668,49814071	0,76923132
668,72745976	0,77081097
668,95678834	0,76720922
669,18612644	0,76807409
669,41547406	0,76703606
669,64483120	0,77013754
669,87419786	0,76847613
670,10357404	0,77175730
670,33295973	0,77056862
670,56235493	0,77305238
670,79175965	0,77203926
671,02117388	0,77692992
671,25059761	0,77656538
671,48003085	0,77935229
671,70947360	0,77805546
671,93892585	0,78200731
672,16838760	0,77829721
672,39785885	0,78253734
672,62733961	0,78016209
672,85682985	0,78663742
673,08632960	0,78560381
673,31583883	0,78698131
673,54535756	0,78530695
673,77488578	0,78881020
674,00442349	0,78754856
674,23397069	0,78995927
674,46352737	0,78691117
674,69309353	0,78849072
674,92266918	0,78582521
675,15225431	0,78680114
675,38184892	0,78250361
675,61145300	0,78451012
675,84106656	0,78107571
676,07068960	0,78366717
676,30032210	0,78107617
676,52996408	0,78530522
676,75961553	0,78338930
676,98927644	0,78828077
677,21894682	0,78706145
677,44862667	0,79093067
677,67831598	0,79049519
677,90801475	0,79527163
678,13772297	0,79278718
678,36744066	0,79731129
678,59716780	0,79457005
678,82690440	0,79767295
679,05665045	0,79409387
679,28640595	0,79589767
679,51617090	0,79310763
679,74594530	0,79813079
679,97572914	0,79446288
680,20552243	0,79859612
680,43532517	0,79723400
680,66513734	0,80139727
680,89495895	0,80070897
681,12479001	0,80628127
681,35463050	0,80557620
681,58448042	0,81057290
681,81433978	0,81027693
682,04420857	0,81431209
682,27408678	0,81354726
682,50397443	0,81876991
682,73387151	0,81797676
682,96377801	0,82411991
683,19369393	0,82126915
683,42361927	0,82508119
683,65355404	0,82346491
683,88349822	0,82599331
684,11345182	0,82312677
684,34341484	0,82728166
684,57338727	0,82342086
684,80336911	0,82949639
685,03336036	0,82717032
685,26336102	0,83169281
685,49337109	0,82862102
685,72339056	0,83251139
685,95341944	0,83001920
686,18345772	0,83122566
686,41350540	0,82841807
686,64356248	0,83240371
686,87362896	0,82801196
687,10370483	0,82787672
687,33379010	0,82424595
687,56388476	0,82655289
687,79398881	0,82112398
688,02410225	0,82237998
688,25422507	0,81827949
688,48435729	0,81918711
688,71449888	0,81440433
688,94464986	0,81621331
689,17481022	0,81206770
689,40497997	0,81609170
689,63515908	0,81857209
689,86534758	0,81548182
690,09554545	0,81920815
690,32575269	0,82010296
690,55596930	0,82617932
690,78619528	0,82437611
691,01643064	0,83006358
691,24667535	0,82890342
691,47692944	0,83480764
691,70719288	0,83267287
691,93746569	0,83470732
692,16774785	0,83091047
692,39803938	0,83343684
692,62834026	0,83074626
692,85865049	0,83329838
693,08897008	0,82984018
693,31929903	0,83367049
693,54963732	0,83032485
693,77998496	0,83366438
694,01034194	0,83261060
694,24070827	0,83559359
694,47108395	0,83321740
694,70146897	0,83892439
694,93186332	0,83845089
695,16226702	0,84407530
695,39268005	0,84236703
695,62310242	0,84712875
695,85353412	0,84523370
696,08397516	0,84904645
696,31442552	0,84540376
696,54488521	0,84699332
696,77535423	0,84264387
697,00583258	0,84522083
697,23632025	0,84100615
697,46681724	0,84358052
697,69732355	0,83855396
697,92783919	0,84211768
698,15836414	0,83728820
698,38889840	0,84157859
698,61944198	0,83761191
698,84999487	0,84089169
699,08055707	0,83871986
699,31112859	0,84076190
699,54170940	0,83793477
699,77229953	0,84214916
700,00289896	0,83888595
700,23350769	0,84250260
700,46412573	0,83973370
700,69475306	0,84180209
700,92538969	0,83954943
701,15603562	0,84130472
701,38669084	0,83574882
701,61735535	0,83974647
701,84802916	0,83378071
702,07871225	0,83682793
702,30940464	0,83281348
702,54010630	0,83657398
702,77081726	0,83335291
703,00153750	0,83696863
703,23226702	0,83405726
703,46300581	0,83722443
703,69375389	0,83514469
703,92451124	0,83987194
704,15527787	0,83585919
704,38605377	0,84246120
704,61683895	0,84094516
704,84763339	0,84617633
705,07843710	0,84779712
705,30925008	0,85399470
705,54007233	0,85127966
705,77090383	0,85839882
706,00174460	0,85617254
706,23259463	0,85952584
706,46345392	0,85853334
706,69432246	0,86131704
706,92520026	0,85934350
707,15608732	0,86163755
707,38698363	0,85772460
707,61788918	0,86015489
707,84880399	0,85588673
708,07972804	0,85803213
708,31066134	0,85491301
708,54160388	0,85670850
708,77255566	0,85404215
709,00351669	0,85575897
709,23448695	0,85282722
709,46546646	0,85636565
709,69645519	0,85307336
709,92745316	0,85597053
710,15846037	0,85286549
710,38947680	0,85486488
710,62050247	0,85181672
710,85153736	0,85373938
711,08258148	0,85045268
711,31363482	0,85361111
711,54469738	0,84966112
711,77576917	0,85093985
712,00685017	0,84675052
712,23794040	0,84761862
712,46903984	0,84237839
712,70014849	0,84492770
712,93126636	0,84043304
713,16239343	0,84437989
713,39352972	0,84189274
713,62467522	0,84642683
713,85582992	0,84309668
714,08699382	0,84722036
714,31816693	0,84571954
714,54934924	0,85067866
714,78054076	0,85047968
715,01174146	0,85742970
715,24295137	0,85494307
715,47417047	0,86315302
715,70539877	0,86016388
715,93663625	0,86641224
716,16788293	0,86310838
716,39913879	0,86821586
716,63040384	0,86532911
716,86167808	0,86918970
717,09296150	0,86557235
717,32425410	0,86943638
717,55555588	0,86746800
717,78686684	0,87044375
718,01818698	0,86671831
718,24951629	0,87013476
718,48085478	0,86680330
718,71220244	0,86898661
718,94355926	0,86412843
719,17492526	0,86503544
719,40630043	0,86080633
719,63768476	0,85944571
719,86907825	0,85440610
720,10048091	0,85648374
720,33189273	0,85038042
720,56331370	0,85037708
720,79474384	0,84718787
721,02618313	0,85049797
721,25763157	0,84289762
721,48908917	0,84467905
721,72055591	0,84037180
721,95203181	0,84179954
722,18351685	0,83483313
722,41501104	0,83718806
722,64651438	0,83194343
722,87802685	0,83299382
723,10954847	0,82872399
723,34107923	0,83046345
723,57261912	0,82476530
723,80416816	0,82831918
724,03572632	0,82275448
724,26729362	0,82550193
724,49887005	0,82074071
724,73045561	0,82349228
724,96205030	0,82021507
725,19365411	0,82273962
725,42526705	0,81851362
725,65688911	0,82287963
725,88852030	0,81771305
726,12016060	0,82191585
726,35181002	0,81688191
726,58346856	0,82075652
726,81513621	0,81945187
727,04681298	0,82342630
727,27849885	0,82151382
727,51019384	0,82577458
727,74189794	0,82359237
727,97361114	0,82798681
728,20533345	0,82447181
728,43706486	0,83005877
728,66880538	0,82688507
728,90055499	0,83311977
729,13231370	0,83057652
729,36408151	0,83487076
729,59585842	0,82915326
729,82764442	0,83407063
730,05943951	0,82885692
730,29124369	0,83346084
730,52305696	0,82850755
730,75487931	0,83073882
730,98671076	0,82494837
731,21855128	0,82866404
731,45040089	0,82271205
731,68225958	0,82479219
731,91412735	0,81957781
732,14600420	0,82225130
732,37789012	0,81696161
732,60978511	0,81782897
732,84168918	0,81310189
733,07360232	0,81311959
733,30552453	0,80766090
733,53745581	0,80808009
733,76939615	0,80404035
734,00134555	0,80561336
734,23330402	0,79988371
734,46527155	0,80149091
734,69724814	0,79728202
734,92923379	0,80028256
735,16122849	0,79575469
735,39323225	0,79977982
735,62524506	0,79503398
735,85726693	0,79719562
736,08929784	0,79326819
736,32133780	0,79684988
736,55338680	0,79481129
736,78544485	0,79759170
737,01751195	0,79409485
737,24958808	0,79797772
737,48167326	0,79617675
737,71376747	0,79964145
737,94587072	0,79842481
738,17798301	0,80350875
738,41010433	0,80232659
738,64223468	0,80659762
738,87437406	0,80573864
739,10652247	0,81187243
739,33867990	0,81080997
739,57084636	0,81485313
739,80302185	0,81136720
740,03520635	0,81617585
740,26739988	0,81198617
740,49960242	0,81477398
740,73181398	0,81041383
740,96403456	0,81238778
741,19626415	0,80671637
741,42850276	0,80696345
741,66075037	0,80010854
741,89300699	0,80083397
742,12527262	0,79374952
742,35754726	0,79494287
742,58983089	0,78688423
742,82212354	0,78741063
743,05442518	0,78082881
743,28673582	0,78198673
743,51905546	0,77527093
743,75138409	0,77862518
743,98372172	0,77589289
744,21606834	0,77902529
744,44842395	0,77548047
744,68078855	0,77869291
744,91316214	0,77579876
745,14554471	0,77966339
745,37793627	0,77549272
745,61033681	0,77961717
745,84274634	0,77615361
746,07516484	0,77935914
746,30759232	0,77629436
746,54002877	0,78042142
746,77247420	0,77573993
747,00492861	0,77979545
747,23739198	0,77454377
747,46986432	0,77807293
747,70234564	0,77392698
747,93483592	0,77803259
748,16733516	0,77085866
748,39984336	0,77384375
748,63236053	0,76868270
748,86488666	0,76328603
749,09742175	0,76591647
749,32996579	0,76083334
749,56251879	0,76176025
749,79508074	0,75691333
750,02765164	0,75826363
750,26023149	0,75278890
750,49282029	0,75763195
750,72541804	0,75366196
750,95802473	0,75645709
751,19064037	0,75307781
751,42326495	0,75781532
751,65589846	0,75590375
751,88854092	0,76187734
752,12119232	0,75880723
752,35385264	0,76292983
752,58652191	0,76064847
752,81920010	0,76446734
753,05188723	0,76259417
753,28458328	0,76669888
753,51728826	0,76364295
753,75000217	0,76693084
753,98272500	0,76291062
754,21545676	0,76643451
754,44819743	0,76081246
754,68094702	0,76407718
754,91370553	0,76119862
755,14647296	0,76332482
755,37924930	0,75887224
755,61203455	0,76180251
755,84482872	0,75756155
756,07763179	0,75970126
756,31044377	0,75641242
756,54326466	0,75836437
756,77609445	0,75273919
757,00893314	0,75561703
757,24178073	0,75065379
757,47463723	0,75466871
757,70750262	0,75225442
757,94037691	0,75591180
758,17326009	0,75130406
758,40615217	0,75638298
758,63905313	0,75485318
758,87196299	0,75673204
759,10488173	0,75321368
759,33780936	0,75731218
759,57074588	0,75394944
759,80369128	0,75760849
760,03664556	0,75364752
760,26960872	0,75735202
760,50258075	0,75307004
760,73556167	0,75806702
760,96855146	0,75291154
761,20155012	0,75802793
761,43455766	0,75314175
761,66757406	0,75750155
761,90059933	0,75522909
762,13363347	0,76054706
762,36667648	0,75554475
762,59972835	0,76103239
762,83278908	0,75828357
763,06585867	0,76255130
763,29893712	0,76102280
763,53202442	0,76600070
763,76512058	0,76438242
763,99822560	0,76833048
764,23133947	0,76636403
764,46446218	0,77043466
764,69759375	0,76848185
764,93073416	0,77165298
765,16388342	0,76725093
765,39704153	0,77164611
765,63020847	0,76813134
765,86338426	0,77077907
766,09656888	0,76760912
766,32976235	0,77047951
766,56296464	0,76743732
766,79617578	0,76947057
767,02939574	0,76578687
767,26262454	0,76906002
767,49586216	0,76538542
767,72910862	0,76943807
767,96236389	0,76806631
768,19562800	0,77134978
768,42890092	0,76703673
768,66218267	0,76939902
768,89547324	0,76621310
769,12877262	0,76848731
769,36208082	0,76462741
769,59539783	0,76689387
769,82872366	0,76222470
770,06205830	0,76377950
770,29540175	0,75941765
770,52875401	0,76035679
770,76211507	0,75429435
770,99548494	0,75471115
771,22886361	0,74902215
771,46225108	0,75231759
771,69564735	0,74670929
771,92905242	0,74761582
772,16246629	0,74273443
772,39588895	0,74409541
772,62932040	0,73708531
772,86276065	0,73899846
773,09620969	0,73202270
773,32966751	0,73319850
773,56313412	0,72655540
773,79660952	0,72694330
774,03009370	0,72088289
774,26358666	0,72353914
774,49708841	0,71803470
774,73059893	0,71981933
774,96411823	0,71564935
775,19764630	0,71795989
775,43118315	0,71397696
775,66472877	0,71753396
775,89828316	0,71350650
776,13184632	0,71719643
776,36541824	0,71434884
776,59899893	0,71760335
776,83258839	0,71378411
777,06618661	0,71719635
777,29979358	0,71371232
777,53340932	0,71774167
777,76703382	0,71505071
778,00066707	0,71800901
778,23430907	0,71466559
778,46795983	0,71613026
778,70161934	0,71146705
778,93528759	0,71405689
779,16896460	0,70860625
779,40265035	0,71162383
779,63634484	0,70758748
779,87004808	0,70980917
780,10376006	0,70611938
780,33748078	0,70683593
780,57121023	0,70037087
780,80494843	0,70114153
781,03869535	0,69620507
781,27245101	0,69906268
781,50621540	0,69400562
781,73998852	0,69536860
781,97377037	0,68950000
782,20756095	0,69181038
782,44136025	0,68597840
782,67516827	0,68743145
782,90898501	0,68208523
783,14281048	0,68414326
783,37664466	0,67860012
783,61048756	0,67930461
783,84433917	0,67411307
784,07819950	0,67600893
784,31206854	0,67108180
784,54594629	0,67161119
784,77983275	0,66772705
785,01372791	0,66956164
785,24763178	0,66320574
785,48154435	0,66601940
785,71546563	0,66128577
785,94939560	0,66265294
786,18333427	0,65816623
786,41728164	0,66139527
786,65123771	0,65785790
786,88520247	0,66235861
787,11917592	0,65776623
787,35315806	0,66137607
787,58714889	0,65899884
787,82114841	0,66345910
788,05515662	0,65960633
788,28917350	0,66190459
788,52319907	0,65666249
788,75723332	0,65973537
788,99127625	0,65610608
789,22532786	0,65823021
789,45938814	0,65402117
789,69345710	0,65691036
789,92753473	0,65332092
790,16162103	0,65626986
790,39571600	0,65122728
790,62981963	0,65453391
790,86393194	0,65036459
791,09805290	0,65392930
791,33218253	0,64959319
791,56632082	0,65367914
791,80046778	0,64972151
792,03462338	0,65288707
792,26878765	0,64934854
792,50296057	0,65336166
792,73714214	0,64918947
792,97133236	0,65336240
793,20553123	0,65074999
793,43973875	0,65449679
793,67395492	0,65212391
793,90817973	0,65785391
794,14241319	0,65518659
794,37665528	0,66117936
794,61090602	0,65745674
794,84516540	0,66211498
795,07943341	0,65918030
795,31371005	0,66379058
795,54799533	0,65955321
795,78228924	0,66249972
796,01659178	0,65722416
796,25090295	0,66017275
796,48522275	0,65604431
796,71955117	0,65888859
796,95388821	0,65326549
797,18823388	0,65496290
797,42258817	0,64916251
797,65695107	0,65084287
797,89132260	0,64594117
798,12570273	0,64803013
798,36009149	0,64356884
798,59448885	0,64579146
798,82889482	0,64194023
799,06330941	0,64500246
799,29773260	0,64060696
799,53216439	0,64336041
799,76660479	0,63898082
800,00105379	0,64299819
800,23551140	0,63997531
800,46997760	0,64219610
800,70445240	0,63813842
800,93893579	0,64146806
801,17342778	0,63715792
801,40792836	0,63953744
801,64243753	0,63503826
801,87695529	0,63804859
802,11148164	0,63314038
802,34601658	0,63494593
802,58056010	0,63002292
802,81511220	0,63179080
803,04967288	0,62621496
803,28424215	0,62818941
803,51881999	0,62401338
803,75340640	0,62639324
803,98800139	0,62062300
804,22260496	0,62395542
804,45721709	0,62067821
804,69183780	0,62267065
804,92646707	0,61816609
805,16110491	0,62109769
805,39575131	0,61738111
805,63040628	0,62011514
805,86506981	0,61597733
806,09974190	0,61902312
806,33442254	0,61421830
806,56911175	0,61767684
806,80380950	0,61300874
807,03851581	0,61552715
807,27323068	0,61081117
807,50795409	0,61468627
807,74268605	0,60895714
807,97742656	0,61151973
808,21217561	0,60716919
808,44693321	0,61086115
808,68169935	0,60774773
808,91647403	0,60238040
809,15125725	0,60393757
809,38604900	0,59765546
809,62084929	0,59927600
809,85565811	0,59346781
810,09047547	0,59520582
810,32530136	0,59032379
810,56013577	0,59032323
810,79497871	0,58467595
811,02983018	0,58568958
811,26469017	0,58009364
811,49955869	0,58256156
811,73443572	0,57732608
811,96932127	0,58194786
812,20421535	0,57707343
812,43911793	0,57946121
812,67402903	0,57516360
812,90894865	0,57841158
813,14387677	0,57428060
813,37881340	0,57907038
813,61375855	0,57538751
813,84871219	0,57819011
814,08367434	0,57504381
814,31864500	0,57749878
814,55362415	0,57390058
814,78861181	0,57763220
815,02360796	0,57306245
815,25861261	0,57745794
815,49362575	0,57439854
815,72864739	0,57830463
815,96367751	0,57388884
816,19871613	0,57646788
816,43376324	0,57359903
816,66881883	0,57517294
816,90388290	0,57220294
817,13895546	0,57288476
817,37403650	0,56924542
817,60912602	0,57114529
817,84422402	0,56719712
818,07933050	0,57036549
818,31444545	0,56529434
818,54956887	0,56721409
818,78470076	0,56463408
819,01984113	0,56751168
819,25498996	0,56237857
819,49014726	0,56524121
819,72531303	0,56074819
819,96048726	0,56221950
820,19566995	0,55858314
820,43086110	0,56193244
820,66606071	0,55814854
820,90126878	0,56109889
821,13648530	0,55517312
821,37171027	0,55890811
821,60694370	0,55427272
821,84218558	0,55732218
822,07743591	0,55150920
822,31269468	0,55370037
822,54796190	0,54887021
822,78323756	0,55195755
823,01852167	0,54670345
823,25381422	0,55129188
823,48911520	0,54660306
823,72442463	0,54983337
823,95974248	0,54488343
824,19506878	0,54773519
824,43040350	0,54181029
824,66574666	0,54513661
824,90109825	0,54134551
825,13645826	0,54489948
825,37182670	0,53961732
825,60720356	0,54449309
825,84258885	0,53987647
826,07798255	0,54559160
826,31338468	0,54130524
826,54879522	0,54486377
826,78421419	0,54163829
827,01964156	0,54576885
827,25507735	0,54162101
827,49052155	0,54514847
827,72597416	0,54182625
827,96143517	0,54474774
828,19690460	0,54214505
828,43238242	0,54696853
828,66786866	0,54290420
828,90336329	0,54731801
829,13886632	0,54330780
829,37437775	0,54809757
829,60989758	0,54517755
829,84542580	0,55072588
830,08096242	0,54734942
830,31650742	0,55208518
830,55206082	0,54858476
830,78762261	0,55249873
831,02319278	0,54993040
831,25877134	0,55316925
831,49435828	0,55068928
831,72995360	0,55418269
831,96555730	0,55082039
832,20116938	0,55411018
832,43678984	0,55105551
832,67241868	0,55448406
832,90805588	0,55107582
833,14370146	0,55501665
833,37935541	0,54969754
833,61501773	0,55359527
833,85068842	0,54976902
834,08636747	0,55404199
834,32205489	0,54974653
834,55775067	0,55261052
834,79345480	0,54726186
835,02916730	0,55087534
835,26488816	0,54610454
835,50061737	0,55022945
835,73635493	0,54613930
835,97210085	0,54844230
836,20785512	0,54302776
836,44361774	0,54563341
836,67938870	0,54034079
836,91516801	0,54262814
837,15095567	0,53793688
837,38675167	0,54198022
837,62255601	0,53818476
837,85836868	0,54183867
838,09418970	0,53831441
838,33001905	0,54128963
838,56585674	0,53705148
838,80170276	0,53941376
839,03755711	0,53520387
839,27341979	0,53800295
839,50929080	0,53282303
839,74517014	0,53740177
839,98105780	0,53270525
840,21695378	0,53629432
840,45285808	0,53237038
840,68877071	0,53637665
840,92469165	0,53203305
841,16062091	0,53755158
841,39655848	0,53455064
841,63250437	0,53988224
841,86845857	0,53647270
842,10442108	0,54132948
842,34039190	0,53867821
842,57637102	0,54291972
842,81235845	0,54098717
843,04835418	0,54506706
843,28435822	0,54174958
843,52037055	0,54616324
843,75639119	0,54279124
843,99242012	0,54920707
844,22845734	0,54351736
844,46450286	0,54670706
844,70055668	0,54379674
844,93661878	0,54742358
845,17268917	0,54399317
845,40876785	0,54800676
845,64485481	0,54291226
845,88095006	0,54607389
846,11705359	0,54160001
846,35316540	0,54500465
846,58928549	0,54001176
846,82541386	0,54451511
847,06155050	0,53985346
847,29769542	0,54365580
847,53384861	0,53919039
847,77001007	0,54277614
848,00617980	0,53732038
848,24235779	0,54079412
848,47854406	0,53651574
848,71473858	0,54073339
848,95094137	0,53565300
849,18715243	0,53882144
849,42337174	0,53367138
849,65959930	0,53728059
849,89583513	0,53125773
850,13207921	0,53560087
850,36833154	0,53047602
850,60459212	0,53276776
850,84086096	0,52639132
851,07713804	0,52855880
851,31342336	0,52370927
851,54971694	0,52653790
851,78601875	0,52120644
852,02232881	0,52554367
852,25864710	0,51940990
852,49497364	0,52261196
852,73130841	0,51729154
852,96765142	0,51934428
853,20400266	0,51405243
853,44036213	0,51604820
853,67672983	0,51009479
853,91310576	0,51353980
854,14948991	0,50850124
854,38588230	0,51091905
854,62228290	0,50641560
854,85869173	0,50939786
855,09510877	0,50474929
855,33153404	0,50875944
855,56796752	0,50405016
855,80440922	0,50744082
856,04085913	0,50202350
856,27731726	0,50573683
856,51378359	0,50095515
856,75025813	0,50440783
856,98674088	0,49951475
857,22323184	0,50242214
857,45973100	0,49616825
857,69623836	0,49945759
857,93275392	0,49491401
858,16927769	0,49748079
858,40580965	0,49197612
858,64234980	0,49474313
858,87889815	0,48956174
859,11545469	0,49121451
859,35201942	0,48564634
859,58859234	0,48738201
859,82517345	0,48093686
860,06176275	0,48303036
860,29836023	0,47632928
860,53496589	0,47849085
860,77157973	0,47145824
861,00820176	0,47358008
861,24483196	0,46806695
861,48147033	0,47054698
861,71811688	0,46555258
861,95477161	0,46808243
862,19143450	0,46285489
862,42810557	0,46622270
862,66478480	0,46219278
862,90147220	0,46499760
863,13816776	0,45918581
863,37487149	0,46212747
863,61158338	0,45797631
863,84830343	0,46037978
864,08503163	0,45677582
864,32176800	0,46128883
864,55851252	0,45797990
864,79526519	0,46126235
865,03202601	0,45709089
865,26879498	0,46187395
865,50557211	0,45801340
865,74235737	0,46188078
865,97915079	0,45985835
866,21595234	0,46335134
866,45276204	0,46025099
866,68957988	0,46598654
866,92640586	0,46278864
867,16323997	0,46855262
867,40008222	0,46481321
867,63693261	0,46946035
867,87379112	0,46599353
868,11065777	0,47058710
868,34753255	0,46710146
868,58441545	0,46993611
868,82130648	0,46594639
869,05820563	0,46401038
869,29511290	0,46684359
869,53202830	0,46043088
869,76895181	0,46345383
870,00588344	0,45871220
870,24282319	0,45978847
870,47977105	0,45443311
870,71672702	0,45532137
870,95369111	0,44950576
871,19066330	0,45227638
871,42764360	0,44601353
871,66463201	0,44884608
871,90162852	0,44359813
872,13863313	0,44565029
872,37564585	0,44002332
872,61266666	0,44263537
872,84969558	0,43689091
873,08673258	0,43965390
873,32377769	0,43450871
873,56083088	0,43637121
873,79789217	0,43188891
874,03496155	0,43363981
874,27203901	0,42855226
874,50912456	0,43180205
874,74621820	0,42862344
874,98331992	0,43289134
875,22042972	0,42754446
875,45754760	0,43065953
875,69467356	0,42826537
875,93180759	0,43024880
876,16894970	0,42563814
876,40609989	0,42937366
876,64325814	0,42484185
876,88042447	0,42703329
877,11759886	0,42382177
877,35478132	0,42589116
877,59197185	0,42289978
877,82917043	0,42448875
878,06637708	0,42053862
878,30359180	0,42301188
878,54081457	0,41898304
878,77804539	0,42248168
879,01528427	0,41804392
879,25253121	0,42151560
879,48978620	0,41824367
879,72704924	0,42097334
879,96432032	0,41757991
880,20159946	0,42101261
880,43888664	0,41700895
880,67618186	0,41996910
880,91348513	0,41507194
881,15079643	0,41929253
881,38811578	0,41518324
881,62544316	0,41871037
881,86277858	0,41435837
882,10012203	0,41688184
882,33747352	0,41370289
882,57483304	0,41673947
882,81220058	0,41327779
883,04957615	0,41633604
883,28695975	0,41292722
883,52435138	0,41620357
883,76175102	0,41196862
883,99915869	0,41568594
884,23657438	0,41203391
884,47399808	0,41459131
884,71142980	0,41131148
884,94886954	0,41473119
885,18631728	0,41103466
885,42377304	0,41450774
885,66123681	0,41038345
885,89870859	0,41466832
886,13618837	0,41146091
886,37367616	0,41414806
886,61117195	0,41154064
886,84867574	0,41525506
887,08618753	0,41145170
887,32370733	0,41610919
887,56123511	0,41249654
887,79877089	0,41554561
888,03631467	0,41312846
888,27386644	0,41659293
888,51142619	0,41273771
888,74899394	0,41618945
888,98656967	0,41294346
889,22415339	0,41690190
889,46174509	0,41351450
889,69934477	0,41602215
889,93695244	0,41270571
890,17456808	0,41568471
890,41219170	0,41133824
890,64982329	0,41452135
890,88746286	0,40901159
891,12511040	0,41300311
891,36276591	0,40665902
891,60042939	0,40947844
891,83810083	0,40515134
892,07578024	0,40768165
892,31346762	0,40323184
892,55116296	0,40551570
892,78886626	0,40023140
893,02657751	0,40314092
893,26429673	0,39744569
893,50202390	0,39958021
893,73975902	0,39552673
893,97750210	0,39812945
894,21525313	0,39367470
894,45301211	0,39554021
894,69077903	0,39200988
894,92855390	0,39458682
895,16633672	0,39046525
895,40412748	0,39289157
895,64192617	0,38916175
895,87973281	0,39243820
896,11754739	0,38837488
896,35536990	0,39142492
896,59320035	0,38708802
896,83103873	0,38961445
897,06888504	0,38576190
897,30673928	0,38946125
897,54460145	0,38566927
897,78247154	0,38907603
898,02034956	0,38532942
898,25823551	0,38828013
898,49612937	0,38530217
898,73403116	0,38832351
898,97194086	0,38430046
899,20985848	0,38717936
899,44778401	0,38476184
899,68571746	0,38797570
899,92365882	0,38448974
900,16160809	0,38713877
900,39956526	0,38309104
900,63753035	0,38644591
900,87550334	0,38213010
901,11348423	0,38453296
901,35147302	0,38157755
901,58946972	0,38335339
901,82747431	0,37911651
902,06548680	0,38239363
902,30350719	0,37794061
902,54153547	0,38164378
902,77957164	0,37783002
903,01761570	0,37947259
903,25566765	0,37564319
903,49372749	0,37898448
903,73179521	0,37543084
903,96987082	0,37870684
904,20795431	0,37602228
904,44604568	0,37923267
904,68414493	0,37613283
904,92225206	0,37894369
905,16036706	0,37477890
905,39848994	0,37907677
905,63662069	0,37379046
905,87475931	0,37729259
906,11290580	0,37361724
906,35106015	0,37640273
906,58922238	0,37241783
906,82739246	0,37519600
907,06557041	0,37198635
907,30375622	0,37520036
907,54194989	0,37092872
907,78015142	0,37303261
908,01836081	0,36923333
908,25657805	0,37178833
908,49480314	0,36759606
908,73303608	0,36914277
908,97127687	0,36513203
909,20952551	0,36803097
909,44778200	0,36300999
909,68604633	0,36495691
909,92431851	0,36132276
910,16259852	0,36283357
910,40088638	0,35827936
910,63918207	0,35972143
910,87748560	0,35622537
911,11579697	0,35784058
911,35411617	0,35440925
911,59244320	0,35642478
911,83077806	0,35341712
912,06912075	0,35552440
912,30747127	0,35287110
912,54582961	0,35439279
912,78419577	0,35096686
913,02256976	0,35354789
913,26095156	0,35110675
913,49934119	0,35360632
913,73773863	0,34988971
913,97614389	0,35252385
914,21455696	0,34969513
914,45297785	0,35104189
914,69140654	0,34767988
914,92984304	0,34974120
915,16828735	0,34688546
915,40673947	0,34869786
915,64519939	0,34519629
915,88366711	0,34778129
916,12214263	0,34344591
916,36062595	0,34525584
916,59911707	0,34122302
916,83761599	0,34208237
917,07612269	0,33739140
917,31463720	0,33915967
917,55315949	0,33477002
917,79168957	0,33571594
918,03022744	0,33164062
918,26877309	0,33268889
918,50732653	0,33011140
918,74588775	0,33101899
918,98445676	0,32742548
919,22303354	0,33021265
919,46161810	0,32619224
919,70021043	0,32789313
919,93881054	0,32469403
920,17741843	0,32625553
920,41603408	0,32213816
920,65465751	0,32479956
920,89328870	0,32057930
921,13192766	0,32329446
921,37057438	0,32011664
921,60922887	0,32154219
921,84789112	0,31791596
922,08656112	0,32016953
922,32523889	0,31669304
922,56392441	0,31871734
922,80261769	0,31540847
923,04131872	0,31613721
923,28002751	0,31356793
923,51874404	0,31527734
923,75746832	0,31040067
923,99620035	0,31266975
924,23494012	0,30999899
924,47368764	0,31098206
924,71244289	0,30932069
924,95120589	0,31014077
925,18997663	0,30738809
925,42875510	0,30959989
925,66754131	0,30604323
925,90633526	0,30839699
926,14513693	0,30528069
926,38394634	0,30764435
926,62276347	0,30401765
926,86158834	0,30558204
927,10042092	0,30311416
927,33926123	0,30549232
927,57810927	0,30164255
927,81696502	0,30281405
928,05582849	0,30053052
928,29469969	0,30260481
928,53357859	0,29981217
928,77246521	0,30133875
929,01135955	0,29754921
929,25026159	0,29921629
929,48917134	0,29671187
929,72808880	0,29757194
929,96701397	0,29531486
930,20594684	0,29140354
930,44488741	0,29261966
930,68383569	0,28930844
930,92279166	0,29117535
931,16175533	0,28788450
931,40072670	0,28824304
931,63970576	0,28536798
931,87869252	0,28540955
932,11768697	0,28251600
932,35668910	0,28328770
932,59569893	0,27852382
932,83471644	0,27953854
933,07374163	0,27584161
933,31277451	0,27597007
933,55181507	0,27266401
933,79086331	0,27225679
934,02991923	0,26897036
934,26898282	0,26949146
934,50805409	0,26553766
934,74713304	0,26553663
934,98621965	0,26175342
935,22531394	0,26278875
935,46441589	0,25867337
935,70352551	0,25896896
935,94264279	0,25343809
936,18176774	0,25444718
936,42090035	0,25059338
936,66004062	0,25058824
936,89918855	0,24539761
937,13834414	0,24573078
937,37750738	0,24084046
937,61667827	0,24060344
937,85585682	0,23569183
938,09504302	0,23563499
938,33423687	0,23129823
938,57343836	0,23142418
938,81264750	0,22712442
939,05186428	0,22652014
939,29108871	0,22313014
939,53032077	0,22258341
939,76956048	0,21860344
940,00880782	0,21856183
940,24806280	0,21534763
940,48732541	0,21503695
940,72659566	0,21146183
940,96587353	0,21165730
941,20515904	0,20877217
941,44445217	0,20846965
941,68375293	0,20504079
941,92306131	0,20541287
942,16237732	0,20249049
942,40170094	0,20298952
942,64103219	0,19945588
942,88037105	0,20055914
943,11971753	0,19753587
943,35907163	0,19893259
943,59843333	0,19624004
943,83780265	0,19675030
944,07717958	0,19454755
944,31656412	0,19581839
944,55595626	0,19271836
944,79535601	0,19378912
945,03476336	0,19089427
945,27417831	0,19161261
945,51360086	0,18907926
945,75303101	0,19000998
945,99246876	0,18687966
946,23191410	0,18766142
946,47136703	0,18508455
946,71082756	0,18654658
946,95029567	0,18387211
947,18977138	0,18469780
947,42925467	0,18274635
947,66874555	0,18381611
947,90824401	0,18227015
948,14775005	0,18445359
948,38726367	0,18176274
948,62678487	0,18384189
948,86631365	0,18194669
949,10585000	0,18276885
949,34539393	0,18230052
949,58494543	0,18420393
949,82450450	0,18317716
950,06407114	0,18495502
950,30364534	0,18338202
950,54322711	0,18515548
950,78281645	0,18402532
951,02241335	0,18596793
951,26201780	0,18507971
951,50162982	0,18689040
951,74124940	0,18619434
951,98087653	0,18816870
952,22051121	0,18729115
952,46015345	0,18908432
952,69980323	0,18866260
952,93946057	0,19043729
953,17912545	0,18930818
953,41879789	0,19123315
953,65847786	0,18971259
953,89816538	0,19119381
954,13786044	0,18969299
954,37756303	0,19099691
954,61727317	0,18924517
954,85699084	0,19067396
955,09671605	0,18865481
955,33644879	0,19017411
955,57618906	0,18798867
955,81593686	0,18883247
956,05569218	0,18781414
956,29545504	0,18893571
956,53522542	0,18659915
956,77500332	0,18766408
957,01478874	0,18631114
957,25458169	0,18769168
957,49438215	0,18644900
957,73419013	0,18759904
957,97400562	0,18485892
958,21382863	0,18636262
958,45365914	0,18459569
958,69349717	0,18555976
958,93334271	0,18365474
959,17319575	0,18457703
959,41305630	0,18246180
959,65292435	0,18382070
959,89279991	0,18176507
960,13268296	0,18278900
960,37257351	0,18108216
960,61247156	0,18304184
960,85237711	0,18090054
961,09229015	0,18274017
961,33221068	0,18114148
961,57213870	0,18240211
961,81207421	0,18038561
962,05201721	0,18150836
962,29196769	0,17937531
962,53192566	0,18023054
962,77189110	0,17843137
963,01186403	0,17929137
963,25184444	0,17720655
963,49183233	0,17876409
963,73182769	0,17704709
963,97183053	0,17843609
964,21184084	0,17660581
964,45185861	0,17808353
964,69188386	0,17583856
964,93191658	0,17726549
965,17195676	0,17630086
965,41200441	0,17741415
965,65205952	0,17616369
965,89212209	0,17690589
966,13219212	0,17497202
966,37226960	0,17671443
966,61235455	0,17486195
966,85244694	0,17624296
967,09254680	0,17486633
967,33265410	0,17566134
967,57276885	0,17444729
967,81289105	0,17518956
968,05302070	0,17310019
968,29315779	0,17490369
968,53330232	0,17248062
968,77345430	0,17364959
969,01361371	0,17184161
969,25378056	0,17271890
969,49395485	0,17106873
969,73413658	0,17243165
969,97432574	0,17117325
970,21452233	0,17220458
970,45472635	0,17018124
970,69493780	0,17131394
970,93515667	0,16914562
971,17538297	0,17055302
971,41561670	0,16913392
971,65585784	0,16957571
971,89610641	0,16836705
972,13636239	0,16953400
972,37662579	0,16811280
972,61689661	0,16881892
972,85717484	0,16713001
973,09746048	0,16798297
973,33775354	0,16642020
973,57805400	0,16798510
973,81836187	0,16610028
974,05867714	0,16692581
974,29899982	0,16485014
974,53932990	0,16640077
974,77966738	0,16431046
975,02001226	0,16538195
975,26036454	0,16330728
975,50072421	0,16418464
975,74109128	0,16160506
975,98146574	0,16235091
976,22184759	0,16063868
976,46223683	0,16112763
976,70263346	0,15986751
976,94303747	0,16029381
977,18344887	0,15832194
977,42386765	0,15860635
977,66429382	0,15593513
977,90472736	0,15767447
978,14516828	0,15469891
978,38561657	0,15586146
978,62607224	0,15302045
978,86653528	0,15321229
979,10700570	0,15105710
979,34748348	0,15197888
979,58796863	0,14908227
979,82846115	0,14960533
980,06896103	0,14725380
980,30946828	0,14773607
980,54998289	0,14593491
980,79050485	0,14586183
981,03103418	0,14339953
981,27157086	0,14428815
981,51211490	0,14283851
981,75266629	0,14331308
981,99322503	0,14123244
982,23379112	0,14226042
982,47436456	0,14036247
982,71494535	0,14076825
982,95553348	0,13938994
983,19612895	0,13980130
983,43673177	0,13810288
983,67734193	0,13904831
983,91795943	0,13709384
984,15858426	0,13783577
984,39921643	0,13611081
984,63985593	0,13695617
984,88050276	0,13482261
985,12115693	0,13565677
985,36181842	0,13439144
985,60248724	0,13476724
985,84316339	0,13374790
986,08384686	0,13432606
986,32453765	0,13296091
986,56523577	0,13375732
986,80594120	0,13185830
987,04665395	0,13267447
987,28737401	0,13134150
987,52810139	0,13194781
987,76883608	0,12996649
988,00957809	0,13062094
988,25032740	0,12901501
988,49108402	0,13018410
988,73184794	0,12786954
988,97261917	0,12871453
989,21339771	0,12720970
989,45418354	0,12750802
989,69497667	0,12579877
989,93577710	0,12591257
990,17658483	0,12462689
990,41739985	0,12454022
990,65822217	0,12319472
990,89905177	0,12379643
991,13988867	0,12245338
991,38073285	0,12064517
991,62158432	0,12157542
991,86244308	0,11952192
992,10330911	0,12011146
992,34418243	0,11848846
992,58506303	0,11869789
992,82595091	0,11734755
993,06684606	0,11786036
993,30774849	0,11581458
993,54865819	0,11739755
993,78957516	0,11503896
994,03049941	0,11609094
994,27143092	0,11459101
994,51236970	0,11475369
994,75331574	0,11358796
994,99426905	0,11405027
995,23522962	0,11264252
995,47619745	0,11300925
995,71717254	0,11162575
995,95815488	0,11229893
996,19914448	0,11039793
996,44014134	0,11089765
996,68114544	0,10946188
996,92215680	0,10934529
997,16317540	0,10810005
997,40420126	0,10899647
997,64523435	0,10743365
997,88627470	0,10817382
998,12732228	0,10708161
998,36837711	0,10786133
998,60943917	0,10665892
998,85050847	0,10690207
999,09158501	0,10576282
999,33266878	0,10607738
999,57375978	0,10521731
999,81485802	0,10557059
1000,05596348	0,10362250
1000,29707617	0,10383518
1000,53819609	0,10242654
1000,77932323	0,10240062
1001,02045760	0,10088532
1001,26159918	0,10115489
1001,50274799	0,09908694
1001,74390401	0,09936793
1001,98506725	0,09800934
1002,22623770	0,09864881
1002,46741537	0,09692739
1002,70860024	0,09782369
1002,94979233	0,09603265
1003,19099163	0,09615526
1003,43219813	0,09508398
1003,67341183	0,09519219
1003,91463274	0,09377238
1004,15586085	0,09441127
1004,39709616	0,09324450
1004,63833867	0,09364018
1004,87958838	0,09192247
1005,12084528	0,09233843
1005,36210937	0,09100763
1005,60338066	0,09171251
1005,84465913	0,09053941
1006,08594479	0,09129961
1006,32723764	0,08921117
1006,56853768	0,09029198
1006,80984490	0,08902819
1007,05115930	0,08966250
1007,29248088	0,08865431
1007,53380964	0,08891810
1007,77514558	0,08791910
1008,01648869	0,08818382
1008,25783898	0,08696185
1008,49919643	0,08754775
1008,74056106	0,08630409
1008,98193286	0,08671595
1009,22331182	0,08558558
1009,46469795	0,08610129
1009,70609125	0,08500726
1009,94749170	0,08522791
1010,18889932	0,08443415
1010,43031409	0,08434031
1010,67173603	0,08292279
1010,91316512	0,08381317
1011,15460136	0,08253760
1011,39604475	0,08352195
1011,63749530	0,08285258
1011,87895300	0,08299855
1012,12041784	0,08175611
1012,36188983	0,08282843
1012,60336896	0,08206740
1012,84485524	0,05043064
1013,08634865	0,00599131
1013,32784921	0,00460108
1013,56935691	0,00270556
1013,81087174	0,00206119
1014,05239370	0,00189668
1014,29392280	0,00162357
